source_record_id,surface,trial,branch,time_s,observed_radius_m,time_bound_s,radius_lower_bound_m,radius_upper_bound_m,role,predicted_radius_m,residual_m
JUEL3155_FIG5_24_TRIAL3_B1,water,3,branch1,2.0,0.4,1.2,0.39,0.51,calibration,0.4,0.0
JUEL3155_FIG5_24_TRIAL3_B1,water,3,branch1,2.0,0.8,1.2,0.79,0.91,calibration,0.4,-0.4
JUEL3155_FIG5_24_TRIAL3_B1,water,3,branch1,13.0,0.4,1.2,0.39,0.51,calibration,0.4,0.0
JUEL3155_FIG5_24_TRIAL3_B1,water,3,branch1,19.0,0.5,1.2,0.49,0.61,calibration,0.4,-0.09999999999999998
JUEL3155_FIG5_24_TRIAL3_B1,water,3,branch1,24.0,0.6,1.2,0.59,0.71,calibration,0.4,-0.19999999999999996
JUEL3155_FIG5_24_TRIAL3_B1,water,3,branch1,34.0,0.5,1.2,0.49,0.61,calibration,0.4,-0.09999999999999998
JUEL3155_FIG5_24_TRIAL3_B1,water,3,branch1,37.0,0.5,1.2,0.49,0.61,calibration,0.4,-0.09999999999999998
JUEL3155_FIG5_24_TRIAL4_B1,water,4,branch1,2.0,0.4,1.2,0.39,0.51,holdout,0.4,0.0
JUEL3155_FIG5_24_TRIAL4_B1,water,4,branch1,4.0,0.6,1.2,0.59,0.71,holdout,0.4,-0.19999999999999996
JUEL3155_FIG5_24_TRIAL4_B1,water,4,branch1,28.0,0.6,1.2,0.59,0.71,holdout,0.4,-0.19999999999999996
JUEL3155_FIG5_24_TRIAL4_B1,water,4,branch1,31.0,0.6,1.2,0.59,0.71,holdout,0.4,-0.19999999999999996
JUEL3155_FIG5_24_TRIAL4_B2,water,4,branch2,2.0,0.3,1.2,0.29,0.41,holdout,0.4,0.10000000000000003
JUEL3155_FIG5_24_TRIAL4_B2,water,4,branch2,4.0,0.5,1.2,0.49,0.61,holdout,0.4,-0.09999999999999998
JUEL3155_FIG5_24_TRIAL4_B2,water,4,branch2,34.0,0.5,1.2,0.49,0.61,holdout,0.4,-0.09999999999999998
JUEL3155_FIG5_24_TRIAL4_B2,water,4,branch2,53.0,0.5,1.2,0.49,0.61,holdout,0.4,-0.09999999999999998
JUEL3155_FIG5_24_TRIAL4_B2,water,4,branch2,62.0,0.3,1.2,0.29,0.41,holdout,0.4,0.10000000000000003
JUEL3155_FIG5_25_TRIAL5_B1,aluminium,5,branch1,2.0,0.4,1.2,0.39,0.51,calibration,0.24,-0.16000000000000003
JUEL3155_FIG5_25_TRIAL5_B1,aluminium,5,branch1,3.0,0.3,1.2,0.29,0.41,calibration,0.24,-0.06
JUEL3155_FIG5_25_TRIAL5_B1,aluminium,5,branch1,8.0,0.5,1.2,0.49,0.61,calibration,0.28,-0.21999999999999997
JUEL3155_FIG5_25_TRIAL5_B1,aluminium,5,branch1,60.0,0.5,1.2,0.49,0.61,calibration,0.46,-0.03999999999999998
JUEL3155_FIG5_25_TRIAL5_B1,aluminium,5,branch1,67.0,0.4,1.2,0.39,0.51,calibration,0.0,-0.4
JUEL3155_FIG5_25_TRIAL5_B2,aluminium,5,branch2,2.0,0.3,1.2,0.29,0.41,calibration,0.24,-0.06
JUEL3155_FIG5_25_TRIAL5_B2,aluminium,5,branch2,69.0,0.3,1.2,0.29,0.41,calibration,0.0,-0.3
JUEL3155_FIG5_25_TRIAL6_B1,aluminium,6,branch1,2.0,0.4,1.2,0.39,0.51,holdout,0.24,-0.16000000000000003
JUEL3155_FIG5_25_TRIAL6_B1,aluminium,6,branch1,20.0,0.3,1.2,0.29,0.41,holdout,0.36,0.06
JUEL3155_FIG5_25_TRIAL6_B1,aluminium,6,branch1,24.0,0.3,1.2,0.29,0.41,holdout,0.36,0.06
JUEL3155_FIG5_25_TRIAL6_B1,aluminium,6,branch1,32.0,0.4,1.2,0.39,0.51,holdout,0.4,0.0
JUEL3155_FIG5_25_TRIAL6_B1,aluminium,6,branch1,58.0,0.3,1.2,0.29,0.41,holdout,0.44,0.14
JUEL3155_FIG5_25_TRIAL6_B2,aluminium,6,branch2,31.0,0.5,1.2,0.49,0.61,holdout,0.4,-0.09999999999999998
JUEL3155_FIG5_25_TRIAL6_B2,aluminium,6,branch2,32.0,0.3,1.2,0.29,0.41,holdout,0.4,0.10000000000000003
JUEL3155_FIG5_25_TRIAL6_B2,aluminium,6,branch2,38.0,0.5,1.2,0.49,0.61,holdout,0.4,-0.09999999999999998
JUEL3155_FIG5_25_TRIAL6_B2,aluminium,6,branch2,46.0,0.3,1.2,0.29,0.41,holdout,0.42,0.12
JUEL3155_FIG5_25_TRIAL6_B2,aluminium,6,branch2,47.0,0.5,1.2,0.49,0.61,holdout,0.42,-0.08000000000000002
JUEL3155_FIG5_25_TRIAL6_B2,aluminium,6,branch2,69.0,0.3,1.2,0.29,0.41,holdout,0.0,-0.3
