surface,time_s,liquid_inflow_rate_kg_s,cumulative_inflow_kg,liquid_mass_kg,radius_m,area_m2,mean_depth_m,pool_temperature_K,liquid_density_kg_m3,substrate_heat_flux_W_m2,evaporation_flux_kg_m2_s,evaporation_rate_kg_s,cumulative_evaporation_kg,escaped_domain_mass_kg,heat_transfer_closure_id,spreading_closure_id,source_status,warning,cumulative_numerical_mass_adjustment_kg,unledgered_mass_residual_kg,wet_area_m2,reported_radius_m,reported_area_m2,wet_area_mean_depth_m,wet_area_mean_evaporation_flux_kg_m2_s,interval_mean_evaporation_rate_kg_s,last_substep_evaporation_rate_kg_s,evaporation_momentum_closure
water,0.0,0.354765087553556,0.0,0.0,0.0,0.0,0.0,20.276898274177228,70.9530175107112,0.0,0.0,0.0,0.0,0.0,water_constant_flux_empirical_50s_v1,dienhart_shallow_layer_rusanov_v2,within_declared_scope,"water heat flux is a limited empirical 50-60 s closure; ice growth, waves, pool-front pulsation and detached floes are unresolved",0.0,0.0,0.0,0.0,0.0,0.0,0.0,0.0,0.0,zero_radial_momentum_vapor
water,1.0,0.354765087553556,0.354765087553556,0.17788634277800675,0.36,0.40715040790523715,0.004524007153050415,20.276898274177228,70.9530175107112,143349.9139123582,0.3191737705092788,0.17687874477554905,0.17687874477554905,0.0,water_constant_flux_empirical_50s_v1,dienhart_shallow_layer_rusanov_v2,within_declared_scope,"water heat flux is a limited empirical 50-60 s closure; ice growth, waves, pool-front pulsation and detached floes are unresolved",0.0,2.220446049250313e-16,0.5541769440932395,0.36,0.40715040790523715,0.004524007153050415,0.3191737705092788,0.17687874477554905,0.25854050251421484,zero_radial_momentum_vapor
water,2.0,0.354765087553556,0.709530175107112,0.24022889742956466,0.4,0.5026548245743669,0.0024338672850003663,20.276898274177228,70.9530175107112,94411.21615467826,0.21020998908222838,0.29242253290199793,0.469301277677547,0.0,water_constant_flux_empirical_50s_v1,dienhart_shallow_layer_rusanov_v2,within_declared_scope,"water heat flux is a limited empirical 50-60 s closure; ice growth, waves, pool-front pulsation and detached floes are unresolved",0.0,3.885780586188048e-16,1.3910972270095607,0.4,0.5026548245743669,0.0024338672850003663,0.21020998908222838,0.29242253290199793,0.3416750186474357,zero_radial_momentum_vapor
water,3.0,0.354765087553556,1.0642952626606663,0.24456015218239652,0.4,0.5026548245743669,0.0023363444141634737,20.276898274177228,70.9530175107112,106683.7591153576,0.23753525007186505,0.35043383280072354,0.8197351104782705,0.0,water_constant_flux_empirical_50s_v1,dienhart_shallow_layer_rusanov_v2,within_declared_scope,"water heat flux is a limited empirical 50-60 s closure; ice growth, waves, pool-front pulsation and detached floes are unresolved",0.0,-7.216449660063518e-16,1.475291910125767,0.4,0.5026548245743669,0.0023363444141634737,0.23753525007186505,0.35043383280072354,0.35396880498358546,zero_radial_momentum_vapor
water,4.0,0.354765087553556,1.4190603502142236,0.2447015358896926,0.4,0.5026548245743669,0.0023376950881463248,20.276898274177228,70.9530175107112,107959.29575453907,0.24037527855489005,0.3546237038462571,1.1743588143245276,0.0,water_constant_flux_empirical_50s_v1,dienhart_shallow_layer_rusanov_v2,within_declared_scope,"water heat flux is a limited empirical 50-60 s closure; ice growth, waves, pool-front pulsation and detached floes are unresolved",0.0,3.4139358007223564e-15,1.475291910125767,0.4,0.5026548245743669,0.0023376950881463248,0.24037527855489005,0.3546237038462571,0.3547001635824254,zero_radial_momentum_vapor
water,5.0,0.354765087553556,1.7738254377677805,0.24470987933588445,0.4,0.5026548245743669,0.0023377747951784447,20.276898274177228,70.9530175107112,107999.79765201523,0.24046545749520074,0.35475674410736113,1.5291155584318887,0.0,water_constant_flux_empirical_50s_v1,dienhart_shallow_layer_rusanov_v2,within_declared_scope,"water heat flux is a limited empirical 50-60 s closure; ice growth, waves, pool-front pulsation and detached floes are unresolved",0.0,7.271960811294775e-15,1.475291910125767,0.4,0.5026548245743669,0.0023377747951784447,0.24046545749520074,0.35475674410736113,0.35476146880484644,zero_radial_momentum_vapor
water,6.0,0.354765087553556,2.128590525321334,0.24471065618032709,0.4,0.5026548245743669,0.002337782216568062,20.276898274177228,70.9530175107112,108002.10117822429,0.24047058637965937,0.35476431070911096,1.8838798691409997,0.0,water_constant_flux_empirical_50s_v1,dienhart_shallow_layer_rusanov_v2,within_declared_scope,"water heat flux is a limited empirical 50-60 s closure; ice growth, waves, pool-front pulsation and detached floes are unresolved",0.0,7.188694084447889e-15,1.475291910125767,0.4,0.5026548245743669,0.002337782216568062,0.24047058637965937,0.35476431070911096,0.35476507425594545,zero_radial_momentum_vapor
water,7.0,0.354765087553556,2.4833556128748895,0.2447107051495802,0.4,0.5026548245743669,0.0023377826843836076,20.276898274177228,70.9530175107112,108002.3227677364,0.24047107975672644,0.35476503858430664,2.2386449077253063,0.0,water_constant_flux_empirical_50s_v1,dienhart_shallow_layer_rusanov_v2,within_declared_scope,"water heat flux is a limited empirical 50-60 s closure; ice growth, waves, pool-front pulsation and detached floes are unresolved",0.0,2.942091015256665e-15,1.475291910125767,0.4,0.5026548245743669,0.0023377826843836076,0.24047107975672644,0.35476503858430664,0.35476510414510937,zero_radial_momentum_vapor
water,8.0,0.354765087553556,2.838120700428442,0.24471070569682096,0.4,0.5026548245743669,0.0023377826896115355,20.276898274177228,70.9530175107112,108002.33750901264,0.24047111257871137,0.3547650870063155,2.593409994731622,0.0,water_constant_flux_empirical_50s_v1,dienhart_shallow_layer_rusanov_v2,within_declared_scope,"water heat flux is a limited empirical 50-60 s closure; ice growth, waves, pool-front pulsation and detached floes are unresolved",0.0,-8.881784197001252e-16,1.475291910125767,0.4,0.5026548245743669,0.0023377826896115355,0.24047111257871137,0.3547650870063155,0.3547650888344871,zero_radial_momentum_vapor
water,9.0,0.354765087553556,3.19288578798199,0.2447107054762136,0.4,0.5026548245743669,0.002337782687504018,20.276898274177228,70.9530175107112,108002.33774277012,0.24047111309918087,0.35476508777415994,2.9481750825057818,0.0,water_constant_flux_empirical_50s_v1,dienhart_shallow_layer_rusanov_v2,within_declared_scope,"water heat flux is a limited empirical 50-60 s closure; ice growth, waves, pool-front pulsation and detached floes are unresolved",0.0,-5.495603971894525e-15,1.475291910125767,0.4,0.5026548245743669,0.002337782687504018,0.24047111309918087,0.35476508777415994,0.3547650875483945,zero_radial_momentum_vapor
water,10.0,0.354765087553556,3.5476508755355463,0.24471070545171217,0.4,0.5026548245743669,0.0023377826872699498,20.276898274177228,70.9530175107112,108002.33768307221,0.24047111296626134,0.3547650875780648,3.3029401700838465,0.0,water_constant_flux_empirical_50s_v1,dienhart_shallow_layer_rusanov_v2,within_declared_scope,"water heat flux is a limited empirical 50-60 s closure; ice growth, waves, pool-front pulsation and detached floes are unresolved",0.0,-1.2462253451417382e-14,1.475291910125767,0.4,0.5026548245743669,0.0023377826872699498,0.24047111296626134,0.3547650875780648,0.35476508752655017,zero_radial_momentum_vapor
water,11.0,0.354765087553556,3.9024159630891067,0.24471070544955054,0.4,0.5026548245743669,0.002337782687249299,20.276898274177228,70.9530175107112,108002.33767627012,0.24047111295111623,0.35476508755572134,3.657705257639568,0.0,water_constant_flux_empirical_50s_v1,dienhart_shallow_layer_rusanov_v2,within_declared_scope,"water heat flux is a limited empirical 50-60 s closure; ice growth, waves, pool-front pulsation and detached floes are unresolved",0.0,-1.176836406102666e-14,1.475291910125767,0.4,0.5026548245743669,0.002337782687249299,0.24047111295111623,0.35476508755572134,0.35476508752671804,zero_radial_momentum_vapor
water,12.0,0.354765087553556,4.257181050642675,0.2447107054490665,0.4,0.5026548245743669,0.0023377826872446753,20.276898274177228,70.9530175107112,108002.33767575948,0.24047111294997928,0.354765087554044,4.012470345193612,0.0,water_constant_flux_empirical_50s_v1,dienhart_shallow_layer_rusanov_v2,within_declared_scope,"water heat flux is a limited empirical 50-60 s closure; ice growth, waves, pool-front pulsation and detached floes are unresolved",0.0,-3.3584246494910985e-15,1.475291910125767,0.4,0.5026548245743669,0.0023377826872446753,0.24047111294997928,0.354765087554044,0.35476508752508995,zero_radial_momentum_vapor
water,13.0,0.354765087553556,4.61194613819624,0.24471070544891219,0.4,0.5026548245743669,0.0023377826872432008,20.276898274177228,70.9530175107112,108002.33767565957,0.24047111294975682,0.35476508755371583,4.367235432747328,0.0,water_constant_flux_empirical_50s_v1,dienhart_shallow_layer_rusanov_v2,within_declared_scope,"water heat flux is a limited empirical 50-60 s closure; ice growth, waves, pool-front pulsation and detached floes are unresolved",0.0,-2.7755575615628914e-17,1.475291910125767,0.4,0.5026548245743669,0.0023377826872432008,0.24047111294975682,0.35476508755371583,0.35476508752446456,zero_radial_momentum_vapor
water,14.0,0.354765087553556,4.96671122574979,0.24471070544886728,0.4,0.5026548245743669,0.0022044633532714974,20.276898274177228,70.9530175107112,101843.16821781597,0.226757499279452,0.35476508755359415,4.722000520300922,0.0,water_constant_flux_empirical_50s_v1,dienhart_shallow_layer_rusanov_v2,within_declared_scope,"water heat flux is a limited empirical 50-60 s closure; ice growth, waves, pool-front pulsation and detached floes are unresolved",0.0,4.718447854656915e-16,1.564513141487717,0.4,0.5026548245743669,0.0022044633532714974,0.226757499279452,0.35476508755359415,0.35476508752428804,zero_radial_momentum_vapor
water,15.0,0.354765087553556,5.321476313303348,0.24471070544885465,0.4,0.5026548245743669,0.0022044633532713838,20.276898274177228,70.9530175107112,101843.16821780603,0.22675749927942987,0.3547650875535595,5.076765607854481,0.0,water_constant_flux_empirical_50s_v1,dienhart_shallow_layer_rusanov_v2,within_declared_scope,"water heat flux is a limited empirical 50-60 s closure; ice growth, waves, pool-front pulsation and detached floes are unresolved",0.0,1.2212453270876722e-14,1.564513141487717,0.4,0.5026548245743669,0.0022044633532713838,0.22675749927942987,0.3547650875535595,0.35476508752424046,zero_radial_momentum_vapor
water,16.0,0.354765087553556,5.67624140085691,0.24471070544885123,0.4,0.5026548245743669,0.002204463353271353,20.276898274177228,70.9530175107112,101843.16821780833,0.22675749927943498,0.3547650875535675,5.431530695408049,0.0,water_constant_flux_empirical_50s_v1,dienhart_shallow_layer_rusanov_v2,within_declared_scope,"water heat flux is a limited empirical 50-60 s closure; ice growth, waves, pool-front pulsation and detached floes are unresolved",0.0,1.0297318553398327e-14,1.564513141487717,0.4,0.5026548245743669,0.002204463353271353,0.22675749927943498,0.3547650875535675,0.3547650875242273,zero_radial_momentum_vapor
water,17.0,0.354765087553556,6.03100648841047,0.2447107054488504,0.4,0.5026548245743669,0.0022044633532713456,20.276898274177228,70.9530175107112,101843.16821780526,0.22675749927942815,0.35476508755355685,5.786295782961606,0.0,water_constant_flux_empirical_50s_v1,dienhart_shallow_layer_rusanov_v2,within_declared_scope,"water heat flux is a limited empirical 50-60 s closure; ice growth, waves, pool-front pulsation and detached floes are unresolved",0.0,1.379452108096757e-14,1.564513141487717,0.4,0.5026548245743669,0.0022044633532713456,0.22675749927942815,0.35476508755355685,0.35476508752422353,zero_radial_momentum_vapor
water,18.0,0.354765087553556,6.385771575964012,0.24471070544885018,0.4,0.5026548245743669,0.0022044633532713434,20.276898274177228,70.9530175107112,101843.16821780118,0.22675749927941907,0.35476508755354264,6.141060870515148,0.0,water_constant_flux_empirical_50s_v1,dienhart_shallow_layer_rusanov_v2,within_declared_scope,"water heat flux is a limited empirical 50-60 s closure; ice growth, waves, pool-front pulsation and detached floes are unresolved",0.0,1.3128387266192476e-14,1.564513141487717,0.4,0.5026548245743669,0.0022044633532713434,0.22675749927941907,0.35476508755354264,0.3547650875242227,zero_radial_momentum_vapor
water,19.0,0.354765087553556,6.740536663517561,0.24471070544884982,0.4,0.5026548245743669,0.0022044633532713404,20.276898274177228,70.9530175107112,101843.16821780092,0.2267574992794185,0.35476508755354175,6.49582595806869,0.0,water_constant_flux_empirical_50s_v1,dienhart_shallow_layer_rusanov_v2,within_declared_scope,"water heat flux is a limited empirical 50-60 s closure; ice growth, waves, pool-front pulsation and detached floes are unresolved",0.0,2.148281552649678e-14,1.564513141487717,0.4,0.5026548245743669,0.0022044633532713404,0.2267574992794185,0.35476508755354175,0.3547650875242223,zero_radial_momentum_vapor
water,20.0,0.354765087553556,7.095301751071108,0.24471070544884987,0.4,0.5026548245743669,0.002204463353271341,20.276898274177228,70.9530175107112,101843.16821779913,0.22675749927941452,0.35476508755353553,6.850591045622226,0.0,water_constant_flux_empirical_50s_v1,dienhart_shallow_layer_rusanov_v2,within_declared_scope,"water heat flux is a limited empirical 50-60 s closure; ice growth, waves, pool-front pulsation and detached floes are unresolved",0.0,3.2085445411667024e-14,1.564513141487717,0.4,0.5026548245743669,0.002204463353271341,0.22675749927941452,0.35476508755353553,0.35476508752422203,zero_radial_momentum_vapor
water,21.0,0.354765087553556,7.450066838624654,0.24471070544884987,0.4,0.5026548245743669,0.002204463353271341,20.276898274177228,70.9530175107112,101843.16821779888,0.22675749927941397,0.35476508755353464,7.20535613317576,0.0,water_constant_flux_empirical_50s_v1,dienhart_shallow_layer_rusanov_v2,within_declared_scope,"water heat flux is a limited empirical 50-60 s closure; ice growth, waves, pool-front pulsation and detached floes are unresolved",0.0,4.363176486776865e-14,1.564513141487717,0.4,0.5026548245743669,0.002204463353271341,0.22675749927941397,0.35476508755353464,0.35476508752422187,zero_radial_momentum_vapor
water,22.0,0.354765087553556,7.804831926178205,0.24471070544884982,0.4,0.5026548245743669,0.0022044633532713404,20.276898274177228,70.9530175107112,101843.16821779964,0.22675749927941566,0.3547650875535373,7.560121220729298,0.0,water_constant_flux_empirical_50s_v1,dienhart_shallow_layer_rusanov_v2,within_declared_scope,"water heat flux is a limited empirical 50-60 s closure; ice growth, waves, pool-front pulsation and detached floes are unresolved",0.0,5.789813073420191e-14,1.564513141487717,0.4,0.5026548245743669,0.0022044633532713404,0.22675749927941566,0.3547650875535373,0.35476508752422203,zero_radial_momentum_vapor
water,23.0,0.354765087553556,8.15959701373176,0.24471070544884993,0.4,0.5026548245743669,0.0022044633532713413,20.276898274177228,70.9530175107112,101843.16821780041,0.22675749927941738,0.35476508755353997,7.914886308282838,0.0,water_constant_flux_empirical_50s_v1,dienhart_shallow_layer_rusanov_v2,within_declared_scope,"water heat flux is a limited empirical 50-60 s closure; ice growth, waves, pool-front pulsation and detached floes are unresolved",0.0,7.288614156664153e-14,1.564513141487717,0.4,0.5026548245743669,0.0022044633532713413,0.22675749927941738,0.35476508755353997,0.3547650875242222,zero_radial_momentum_vapor
water,24.0,0.354765087553556,8.51436210128531,0.24471070544884987,0.4,0.5026548245743669,0.002204463353271341,20.276898274177228,70.9530175107112,101843.16821780169,0.2267574992794202,0.3547650875535444,8.269651395836382,0.0,water_constant_flux_empirical_50s_v1,dienhart_shallow_layer_rusanov_v2,within_declared_scope,"water heat flux is a limited empirical 50-60 s closure; ice growth, waves, pool-front pulsation and detached floes are unresolved",0.0,7.738254481637341e-14,1.564513141487717,0.4,0.5026548245743669,0.002204463353271341,0.2267574992794202,0.3547650875535444,0.35476508752422214,zero_radial_momentum_vapor
water,25.0,0.354765087553556,8.869127188838853,0.24471070544884987,0.4,0.5026548245743669,0.002204463353271341,20.276898274177228,70.9530175107112,101843.1682177999,0.22675749927941624,0.3547650875535382,8.62441648338992,0.0,water_constant_flux_empirical_50s_v1,dienhart_shallow_layer_rusanov_v2,within_declared_scope,"water heat flux is a limited empirical 50-60 s closure; ice growth, waves, pool-front pulsation and detached floes are unresolved",0.0,8.271161533457416e-14,1.564513141487717,0.4,0.5026548245743669,0.002204463353271341,0.22675749927941624,0.3547650875535382,0.3547650875242221,zero_radial_momentum_vapor
water,26.0,0.354765087553556,9.223892276392395,0.24471070544884976,0.4,0.5026548245743669,0.00220446335327134,20.276898274177228,70.9530175107112,101843.16821780041,0.22675749927941738,0.35476508755353997,8.97918157094346,0.0,water_constant_flux_empirical_50s_v1,dienhart_shallow_layer_rusanov_v2,within_declared_scope,"water heat flux is a limited empirical 50-60 s closure; ice growth, waves, pool-front pulsation and detached floes are unresolved",0.0,8.459899447643693e-14,1.564513141487717,0.4,0.5026548245743669,0.00220446335327134,0.22675749927941738,0.35476508755353997,0.3547650875242219,zero_radial_momentum_vapor
water,27.0,0.354765087553556,9.578657363945936,0.24471070544884968,0.4,0.5026548245743669,0.002204463353271339,20.276898274177228,70.9530175107112,101843.16821780041,0.22675749927941738,0.35476508755353997,9.333946658497,0.0,water_constant_flux_empirical_50s_v1,dienhart_shallow_layer_rusanov_v2,within_declared_scope,"water heat flux is a limited empirical 50-60 s closure; ice growth, waves, pool-front pulsation and detached floes are unresolved",0.0,8.645861804268407e-14,1.564513141487717,0.4,0.5026548245743669,0.002204463353271339,0.22675749927941738,0.35476508755353997,0.35476508752422203,zero_radial_momentum_vapor
water,28.0,0.354765087553556,9.933422451499478,0.2447107054488498,0.4,0.5026548245743669,0.00220446335327134,20.276898274177228,70.9530175107112,101843.16821780041,0.22675749927941738,0.35476508755353997,9.68871174605054,0.0,water_constant_flux_empirical_50s_v1,dienhart_shallow_layer_rusanov_v2,within_declared_scope,"water heat flux is a limited empirical 50-60 s closure; ice growth, waves, pool-front pulsation and detached floes are unresolved",0.0,8.81239525796218e-14,1.564513141487717,0.4,0.5026548245743669,0.00220446335327134,0.22675749927941738,0.35476508755353997,0.3547650875242222,zero_radial_momentum_vapor
water,29.0,0.354765087553556,10.28818753905302,0.2447107054488498,0.4,0.5026548245743669,0.00220446335327134,20.276898274177228,70.9530175107112,101843.16821780092,0.2267574992794185,0.35476508755354175,10.043476833604082,0.0,water_constant_flux_empirical_50s_v1,dienhart_shallow_layer_rusanov_v2,within_declared_scope,"water heat flux is a limited empirical 50-60 s closure; ice growth, waves, pool-front pulsation and detached floes are unresolved",0.0,8.81239525796218e-14,1.564513141487717,0.4,0.5026548245743669,0.00220446335327134,0.2267574992794185,0.35476508755354175,0.3547650875242222,zero_radial_momentum_vapor
water,30.0,0.354765087553556,10.642952626606563,0.24471070544884987,0.4,0.5026548245743669,0.002204463353271341,20.276898274177228,70.9530175107112,101843.16821780041,0.22675749927941738,0.35476508755353997,10.398241921157622,0.0,water_constant_flux_empirical_50s_v1,dienhart_shallow_layer_rusanov_v2,within_declared_scope,"water heat flux is a limited empirical 50-60 s closure; ice growth, waves, pool-front pulsation and detached floes are unresolved",0.0,9.159339953157541e-14,1.564513141487717,0.4,0.5026548245743669,0.002204463353271341,0.22675749927941738,0.35476508755353997,0.35476508752422203,zero_radial_momentum_vapor
water,31.0,0.354765087553556,10.997717714160105,0.24471070544884974,0.4,0.5026548245743669,0.0022044633532713395,20.276898274177228,70.9530175107112,101843.16821780041,0.22675749927941738,0.35476508755353997,10.753007008711162,0.0,water_constant_flux_empirical_50s_v1,dienhart_shallow_layer_rusanov_v2,within_declared_scope,"water heat flux is a limited empirical 50-60 s closure; ice growth, waves, pool-front pulsation and detached floes are unresolved",0.0,9.350853424905381e-14,1.564513141487717,0.4,0.5026548245743669,0.0022044633532713395,0.22675749927941738,0.35476508755353997,0.3547650875242222,zero_radial_momentum_vapor
water,32.0,0.354765087553556,11.352482801713647,0.24471070544884965,0.4,0.5026548245743669,0.0022044633532713387,20.276898274177228,70.9530175107112,101843.16821780041,0.22675749927941738,0.35476508755353997,11.107772096264702,0.0,water_constant_flux_empirical_50s_v1,dienhart_shallow_layer_rusanov_v2,within_declared_scope,"water heat flux is a limited empirical 50-60 s closure; ice growth, waves, pool-front pulsation and detached floes are unresolved",0.0,9.536815781530095e-14,1.564513141487717,0.4,0.5026548245743669,0.0022044633532713387,0.22675749927941738,0.35476508755353997,0.354765087524222,zero_radial_momentum_vapor
water,33.0,0.354765087553556,11.707247889267201,0.24471070544884968,0.4,0.5026548245743669,0.002204463353271339,20.276898274177228,70.9530175107112,101843.16821780398,0.22675749927942532,0.3547650875535524,11.462537183818254,0.0,water_constant_flux_empirical_50s_v1,dienhart_shallow_layer_rusanov_v2,within_declared_scope,"water heat flux is a limited empirical 50-60 s closure; ice growth, waves, pool-front pulsation and detached floes are unresolved",0.0,9.711675907908557e-14,1.564513141487717,0.4,0.5026548245743669,0.002204463353271339,0.22675749927942532,0.3547650875535524,0.35476508752422214,zero_radial_momentum_vapor
water,34.0,0.354765087553556,12.062012976820752,0.2447107054488498,0.4,0.5026548245743669,0.00220446335327134,20.276898274177228,70.9530175107112,101843.16821780296,0.22675749927942304,0.35476508755354885,11.817302271371803,0.0,water_constant_flux_empirical_50s_v1,dienhart_shallow_layer_rusanov_v2,within_declared_scope,"water heat flux is a limited empirical 50-60 s closure; ice growth, waves, pool-front pulsation and detached floes are unresolved",0.0,9.87820936160233e-14,1.564513141487717,0.4,0.5026548245743669,0.00220446335327134,0.22675749927942304,0.35476508755354885,0.35476508752422214,zero_radial_momentum_vapor
water,35.0,0.354765087553556,12.416778064374304,0.2447107054488498,0.4,0.5026548245743669,0.00220446335327134,20.276898274177228,70.9530175107112,101843.16821780296,0.22675749927942304,0.35476508755354885,12.172067358925352,0.0,water_constant_flux_empirical_50s_v1,dienhart_shallow_layer_rusanov_v2,within_declared_scope,"water heat flux is a limited empirical 50-60 s closure; ice growth, waves, pool-front pulsation and detached floes are unresolved",0.0,1.023348072948238e-13,1.564513141487717,0.4,0.5026548245743669,0.00220446335327134,0.22675749927942304,0.35476508755354885,0.35476508752422214,zero_radial_momentum_vapor
water,36.0,0.354765087553556,12.771543151927856,0.24471070544884968,0.4,0.5026548245743669,0.002204463353271339,20.276898274177228,70.9530175107112,101843.16821780347,0.22675749927942418,0.35476508755355063,12.526832446478902,0.0,water_constant_flux_empirical_50s_v1,dienhart_shallow_layer_rusanov_v2,within_declared_scope,"water heat flux is a limited empirical 50-60 s closure; ice growth, waves, pool-front pulsation and detached floes are unresolved",0.0,1.0422218643668657e-13,1.564513141487717,0.4,0.5026548245743669,0.002204463353271339,0.22675749927942418,0.35476508755355063,0.35476508752422226,zero_radial_momentum_vapor
water,37.0,0.354765087553556,13.12630823948141,0.24471070544884974,0.4,0.5026548245743669,0.0022044633532713395,20.276898274177228,70.9530175107112,101843.16821780296,0.22675749927942304,0.35476508755354885,12.881597534032451,0.0,water_constant_flux_empirical_50s_v1,dienhart_shallow_layer_rusanov_v2,within_declared_scope,"water heat flux is a limited empirical 50-60 s closure; ice growth, waves, pool-front pulsation and detached floes are unresolved",0.0,1.0949574580365606e-13,1.564513141487717,0.4,0.5026548245743669,0.0022044633532713395,0.22675749927942304,0.35476508755354885,0.35476508752422214,zero_radial_momentum_vapor
water,38.0,0.354765087553556,13.481073327034963,0.24471070544884974,0.4,0.5026548245743669,0.0022044633532713395,20.276898274177228,70.9530175107112,101843.16821780296,0.22675749927942304,0.35476508755354885,13.236362621586,0.0,water_constant_flux_empirical_50s_v1,dienhart_shallow_layer_rusanov_v2,within_declared_scope,"water heat flux is a limited empirical 50-60 s closure; ice growth, waves, pool-front pulsation and detached floes are unresolved",0.0,1.1304845948245656e-13,1.564513141487717,0.4,0.5026548245743669,0.0022044633532713395,0.22675749927942304,0.35476508755354885,0.35476508752422214,zero_radial_momentum_vapor
water,39.0,0.354765087553556,13.835838414588515,0.2447107054488496,0.4,0.5026548245743669,0.0022044633532713382,20.276898274177228,70.9530175107112,101843.16821780296,0.22675749927942304,0.35476508755354885,13.591127709139549,0.0,water_constant_flux_empirical_50s_v1,dienhart_shallow_layer_rusanov_v2,within_declared_scope,"water heat flux is a limited empirical 50-60 s closure; ice growth, waves, pool-front pulsation and detached floes are unresolved",0.0,1.167399510393352e-13,1.564513141487717,0.4,0.5026548245743669,0.0022044633532713382,0.22675749927942304,0.35476508755354885,0.354765087524222,zero_radial_momentum_vapor
water,40.0,0.354765087553556,14.190603502142066,0.24471070544884965,0.4,0.5026548245743669,0.0022044633532713387,20.276898274177228,70.9530175107112,101843.16821780296,0.22675749927942304,0.35476508755354885,13.945892796693098,0.0,water_constant_flux_empirical_50s_v1,dienhart_shallow_layer_rusanov_v2,within_declared_scope,"water heat flux is a limited empirical 50-60 s closure; ice growth, waves, pool-front pulsation and detached floes are unresolved",0.0,1.184607967275042e-13,1.564513141487717,0.4,0.5026548245743669,0.0022044633532713387,0.22675749927942304,0.35476508755354885,0.35476508752422214,zero_radial_momentum_vapor
water,41.0,0.354765087553556,14.545368589695618,0.24471070544884965,0.4,0.5026548245743669,0.0022044633532713387,20.276898274177228,70.9530175107112,101843.16821780296,0.22675749927942304,0.35476508755354885,14.300657884246647,0.0,water_constant_flux_empirical_50s_v1,dienhart_shallow_layer_rusanov_v2,within_declared_scope,"water heat flux is a limited empirical 50-60 s closure; ice growth, waves, pool-front pulsation and detached floes are unresolved",0.0,1.220135104063047e-13,1.564513141487717,0.4,0.5026548245743669,0.0022044633532713387,0.22675749927942304,0.35476508755354885,0.35476508752422214,zero_radial_momentum_vapor
water,42.0,0.354765087553556,14.90013367724917,0.24471070544884962,0.4,0.5026548245743669,0.0022044633532713387,20.276898274177228,70.9530175107112,101843.16821780296,0.22675749927942304,0.35476508755354885,14.655422971800196,0.0,water_constant_flux_empirical_50s_v1,dienhart_shallow_layer_rusanov_v2,within_declared_scope,"water heat flux is a limited empirical 50-60 s closure; ice growth, waves, pool-front pulsation and detached floes are unresolved",0.0,1.2559397966072083e-13,1.564513141487717,0.4,0.5026548245743669,0.0022044633532713387,0.22675749927942304,0.35476508755354885,0.3547650875242222,zero_radial_momentum_vapor
water,43.0,0.354765087553556,15.254898764802723,0.24471070544884954,0.4,0.5026548245743669,0.002204463353271338,20.276898274177228,70.9530175107112,101843.16821780296,0.22675749927942304,0.35476508755354885,15.010188059353744,0.0,water_constant_flux_empirical_50s_v1,dienhart_shallow_layer_rusanov_v2,within_declared_scope,"water heat flux is a limited empirical 50-60 s closure; ice growth, waves, pool-front pulsation and detached floes are unresolved",0.0,1.2922996006636822e-13,1.564513141487717,0.4,0.5026548245743669,0.002204463353271338,0.22675749927942304,0.35476508755354885,0.354765087524222,zero_radial_momentum_vapor
water,44.0,0.354765087553556,15.609663852356277,0.24471070544884962,0.4,0.5026548245743669,0.0022044633532713387,20.276898274177228,70.9530175107112,101843.16821780398,0.22675749927942532,0.3547650875535524,15.364953146907297,0.0,water_constant_flux_empirical_50s_v1,dienhart_shallow_layer_rusanov_v2,within_declared_scope,"water heat flux is a limited empirical 50-60 s closure; ice growth, waves, pool-front pulsation and detached floes are unresolved",0.0,1.3092305017892159e-13,1.564513141487717,0.4,0.5026548245743669,0.0022044633532713387,0.22675749927942532,0.3547650875535524,0.3547650875242221,zero_radial_momentum_vapor
water,45.0,0.354765087553556,15.964428939909832,0.24471070544884968,0.4,0.5026548245743669,0.002204463353271339,20.276898274177228,70.9530175107112,101843.16821780296,0.22675749927942304,0.35476508755354885,15.719718234460846,0.0,water_constant_flux_empirical_50s_v1,dienhart_shallow_layer_rusanov_v2,within_declared_scope,"water heat flux is a limited empirical 50-60 s closure; ice growth, waves, pool-front pulsation and detached floes are unresolved",0.0,1.3619660954589108e-13,1.564513141487717,0.4,0.5026548245743669,0.002204463353271339,0.22675749927942304,0.35476508755354885,0.35476508752422214,zero_radial_momentum_vapor
water,46.0,0.354765087553556,16.319194027463414,0.24471070544884968,0.4,0.5026548245743669,0.002204463353271339,20.276898274177228,70.9530175107112,101843.16821779888,0.22675749927941397,0.35476508755353464,16.07448332201438,0.0,water_constant_flux_empirical_50s_v1,dienhart_shallow_layer_rusanov_v2,within_declared_scope,"water heat flux is a limited empirical 50-60 s closure; ice growth, waves, pool-front pulsation and detached floes are unresolved",0.0,1.8415824420969784e-13,1.564513141487717,0.4,0.5026548245743669,0.002204463353271339,0.22675749927941397,0.35476508755353464,0.35476508752422214,zero_radial_momentum_vapor
water,47.0,0.354765087553556,16.673959115016988,0.24471070544884962,0.4,0.5026548245743669,0.0022044633532713387,20.276898274177228,70.9530175107112,101843.16821781418,0.22675749927944802,0.35476508755358793,16.42924840956797,0.0,water_constant_flux_empirical_50s_v1,dienhart_shallow_layer_rusanov_v2,within_declared_scope,"water heat flux is a limited empirical 50-60 s closure; ice growth, waves, pool-front pulsation and detached floes are unresolved",0.0,1.700029006457271e-13,1.564513141487717,0.4,0.5026548245743669,0.0022044633532713387,0.22675749927944802,0.35476508755358793,0.35476508752422237,zero_radial_momentum_vapor
water,48.0,0.354765087553556,17.02872420257056,0.24471070544884965,0.4,0.5026548245743669,0.0022044633532713387,20.276898274177228,70.9530175107112,101843.1682178152,0.2267574992794503,0.3547650875535915,16.78401349712156,0.0,water_constant_flux_empirical_50s_v1,dienhart_shallow_layer_rusanov_v2,within_declared_scope,"water heat flux is a limited empirical 50-60 s closure; ice growth, waves, pool-front pulsation and detached floes are unresolved",0.0,1.5221157667610896e-13,1.564513141487717,0.4,0.5026548245743669,0.0022044633532713387,0.2267574992794503,0.3547650875535915,0.35476508752422226,zero_radial_momentum_vapor
water,49.0,0.354765087553556,17.383489290124135,0.24471070544884943,0.4,0.5026548245743669,0.002204463353271337,20.276898274177228,70.9530175107112,101843.16821781316,0.22675749927944575,0.3547650875535844,17.138778584675144,0.0,water_constant_flux_empirical_50s_v1,dienhart_shallow_layer_rusanov_v2,within_declared_scope,"water heat flux is a limited empirical 50-60 s closure; ice growth, waves, pool-front pulsation and detached floes are unresolved",0.0,1.417754802446325e-13,1.564513141487717,0.4,0.5026548245743669,0.002204463353271337,0.22675749927944575,0.3547650875535844,0.35476508752422214,zero_radial_momentum_vapor
water,50.0,0.354765087553556,17.73825437767771,0.24471070544884954,0.4,0.5026548245743669,0.002204463353271338,20.276898274177228,70.9530175107112,101843.16821781316,0.22675749927944575,0.3547650875535844,17.49354367222873,0.0,water_constant_flux_empirical_50s_v1,dienhart_shallow_layer_rusanov_v2,within_declared_scope,"water heat flux is a limited empirical 50-60 s closure; ice growth, waves, pool-front pulsation and detached floes are unresolved",0.0,1.3100631690576847e-13,1.564513141487717,0.4,0.5026548245743669,0.002204463353271338,0.22675749927944575,0.3547650875535844,0.354765087524222,zero_radial_momentum_vapor
water,51.0,0.354765087553556,18.093019465231283,0.24471070544884949,0.4,0.5026548245743669,0.0022044633532713374,20.276898274177228,70.9530175107112,101843.16821781316,0.22675749927944575,0.3547650875535844,17.848308759782313,0.0,water_constant_flux_empirical_50s_v1,dienhart_shallow_layer_rusanov_v2,within_declared_scope,"water heat flux is a limited empirical 50-60 s closure; ice growth, waves, pool-front pulsation and detached floes are unresolved",0.0,1.2040368702059823e-13,1.564513141487717,0.4,0.5026548245743669,0.0022044633532713374,0.22675749927944575,0.3547650875535844,0.35476508752422214,zero_radial_momentum_vapor
water,52.0,0.354765087553556,18.447784552784857,0.2447107054488496,0.4,0.5026548245743669,0.0022044633532713382,20.276898274177228,70.9530175107112,101843.16821781316,0.22675749927944575,0.3547650875535844,18.203073847335897,0.0,water_constant_flux_empirical_50s_v1,dienhart_shallow_layer_rusanov_v2,within_declared_scope,"water heat flux is a limited empirical 50-60 s closure; ice growth, waves, pool-front pulsation and detached floes are unresolved",0.0,1.0963452368173421e-13,1.564513141487717,0.4,0.5026548245743669,0.0022044633532713382,0.22675749927944575,0.3547650875535844,0.35476508752422214,zero_radial_momentum_vapor
water,53.0,0.354765087553556,18.80254964033843,0.24471070544884954,0.4,0.5026548245743669,0.002204463353271338,20.276898274177228,70.9530175107112,101843.16821781418,0.22675749927944802,0.35476508755358793,18.557838934889485,0.0,water_constant_flux_empirical_50s_v1,dienhart_shallow_layer_rusanov_v2,within_declared_scope,"water heat flux is a limited empirical 50-60 s closure; ice growth, waves, pool-front pulsation and detached floes are unresolved",0.0,9.547918011776346e-14,1.564513141487717,0.4,0.5026548245743669,0.002204463353271338,0.22675749927944802,0.35476508755358793,0.35476508752422226,zero_radial_momentum_vapor
water,54.0,0.354765087553556,19.157314727892004,0.24471070544884962,0.4,0.5026548245743669,0.0022044633532713387,20.276898274177228,70.9530175107112,101843.16821781316,0.22675749927944575,0.3547650875535844,18.91260402244307,0.0,water_constant_flux_empirical_50s_v1,dienhart_shallow_layer_rusanov_v2,within_declared_scope,"water heat flux is a limited empirical 50-60 s closure; ice growth, waves, pool-front pulsation and detached floes are unresolved",0.0,8.473777235451507e-14,1.564513141487717,0.4,0.5026548245743669,0.0022044633532713387,0.22675749927944575,0.3547650875535844,0.35476508752422226,zero_radial_momentum_vapor
water,55.0,0.354765087553556,19.512079815445578,0.24471070544884954,0.4,0.5026548245743669,0.002204463353271338,20.276898274177228,70.9530175107112,101843.16821781316,0.22675749927944575,0.3547650875535844,19.267369109996654,0.0,water_constant_flux_empirical_50s_v1,dienhart_shallow_layer_rusanov_v2,within_declared_scope,"water heat flux is a limited empirical 50-60 s closure; ice growth, waves, pool-front pulsation and detached floes are unresolved",0.0,7.416289804496046e-14,1.564513141487717,0.4,0.5026548245743669,0.002204463353271338,0.22675749927944575,0.3547650875535844,0.35476508752422226,zero_radial_momentum_vapor
water,56.0,0.354765087553556,19.86684490299915,0.24471070544884949,0.4,0.5026548245743669,0.0022044633532713374,20.276898274177228,70.9530175107112,101843.16821781316,0.22675749927944575,0.3547650875535844,19.62213419755024,0.0,water_constant_flux_empirical_50s_v1,dienhart_shallow_layer_rusanov_v2,within_declared_scope,"water heat flux is a limited empirical 50-60 s closure; ice growth, waves, pool-front pulsation and detached floes are unresolved",0.0,6.356026815979021e-14,1.564513141487717,0.4,0.5026548245743669,0.0022044633532713374,0.22675749927944575,0.3547650875535844,0.35476508752422214,zero_radial_momentum_vapor
water,57.0,0.354765087553556,20.221609990552725,0.24471070544884949,0.4,0.5026548245743669,0.0022044633532713374,20.276898274177228,70.9530175107112,101843.16821781316,0.22675749927944575,0.3547650875535844,19.976899285103823,0.0,water_constant_flux_empirical_50s_v1,dienhart_shallow_layer_rusanov_v2,within_declared_scope,"water heat flux is a limited empirical 50-60 s closure; ice growth, waves, pool-front pulsation and detached floes are unresolved",0.0,5.290212712338871e-14,1.564513141487717,0.4,0.5026548245743669,0.0022044633532713374,0.22675749927944575,0.3547650875535844,0.35476508752422214,zero_radial_momentum_vapor
water,58.0,0.354765087553556,20.5763750781063,0.24471070544884949,0.4,0.5026548245743669,0.0022044633532713374,20.276898274177228,70.9530175107112,101843.16821781418,0.22675749927944802,0.35476508755358793,20.33166437265741,0.0,water_constant_flux_empirical_50s_v1,dienhart_shallow_layer_rusanov_v2,within_declared_scope,"water heat flux is a limited empirical 50-60 s closure; ice growth, waves, pool-front pulsation and detached floes are unresolved",0.0,3.8691272408186705e-14,1.564513141487717,0.4,0.5026548245743669,0.0022044633532713374,0.22675749927944802,0.35476508755358793,0.35476508752422226,zero_radial_momentum_vapor
water,59.0,0.354765087553556,20.931140165659873,0.24471070544884943,0.4,0.5026548245743669,0.002204463353271337,20.276898274177228,70.9530175107112,101843.16821781316,0.22675749927944575,0.3547650875535844,20.686429460210995,0.0,water_constant_flux_empirical_50s_v1,dienhart_shallow_layer_rusanov_v2,within_declared_scope,"water heat flux is a limited empirical 50-60 s closure; ice growth, waves, pool-front pulsation and detached floes are unresolved",0.0,2.808864252301646e-14,1.564513141487717,0.4,0.5026548245743669,0.002204463353271337,0.22675749927944575,0.3547650875535844,0.35476508752422214,zero_radial_momentum_vapor
water,60.0,0.354765087553556,21.28590525321345,0.24471070544884949,0.4,0.5026548245743669,0.0022044633532713374,20.276898274177228,70.9530175107112,101843.16821781316,0.22675749927944575,0.3547650875535844,21.04119454776458,0.0,water_constant_flux_empirical_50s_v1,dienhart_shallow_layer_rusanov_v2,within_declared_scope,"water heat flux is a limited empirical 50-60 s closure; ice growth, waves, pool-front pulsation and detached floes are unresolved",0.0,2.09277040141842e-14,1.564513141487717,0.4,0.5026548245743669,0.0022044633532713374,0.22675749927944575,0.3547650875535844,0.3547650875242222,zero_radial_momentum_vapor
water,61.0,0.354765087553556,21.640670340767024,0.24471070544884946,0.4,0.5026548245743669,0.002204463353271337,20.276898274177228,70.9530175107112,101843.16821781418,0.22675749927944802,0.35476508755358793,21.395959635318167,0.0,water_constant_flux_empirical_50s_v1,dienhart_shallow_layer_rusanov_v2,within_declared_scope,"water heat flux is a limited empirical 50-60 s closure; ice growth, waves, pool-front pulsation and detached floes are unresolved",0.0,6.744604874597826e-15,1.564513141487717,0.4,0.5026548245743669,0.002204463353271337,0.22675749927944802,0.35476508755358793,0.354765087524222,zero_radial_momentum_vapor
water,62.0,0.0,21.995435428320597,0.24471070544884946,0.4,0.5026548245743669,0.002204463353271337,20.276898274177228,70.9530175107112,101843.16821781316,0.22675749927944575,0.3547650875535844,21.75072472287175,0.0,water_constant_flux_empirical_50s_v1,dienhart_shallow_layer_rusanov_v2,within_declared_scope,"water heat flux is a limited empirical 50-60 s closure; ice growth, waves, pool-front pulsation and detached floes are unresolved",0.0,-3.913536161803677e-15,1.564513141487717,0.4,0.5026548245743669,0.002204463353271337,0.22675749927944575,0.3547650875535844,0.35476508752422214,zero_radial_momentum_vapor
water,63.0,0.0,21.995435428320597,6.1155042153623106e-09,0.0,0.0,6.717780258307477e-11,20.276898274177228,70.9530175107112,85661.8785970387,0.19072927241128856,0.24471069933339962,21.99543542220515,0.0,water_constant_flux_empirical_50s_v1,dienhart_shallow_layer_rusanov_v2,within_declared_scope,"water heat flux is a limited empirical 50-60 s closure; ice growth, waves, pool-front pulsation and detached floes are unresolved",0.0,-5.828792746230076e-14,1.2830264397260716,0.0,0.0,6.717780258307477e-11,0.19072927241128856,0.24471069933339962,0.0,zero_radial_momentum_vapor
water,64.0,0.0,21.995435428320597,6.115504215362312e-09,0.0,0.0,5.872306201825288e-11,20.276898274177228,70.9530175107112,0.0,0.0,0.0,21.99543542220515,0.0,water_constant_flux_empirical_50s_v1,dienhart_shallow_layer_rusanov_v2,within_declared_scope,"water heat flux is a limited empirical 50-60 s closure; ice growth, waves, pool-front pulsation and detached floes are unresolved",0.0,-5.828792746395512e-14,1.4677520877571513,0.0,0.0,5.872306201825288e-11,0.0,0.0,0.0,zero_radial_momentum_vapor
water,65.0,0.0,21.995435428320597,6.115504215362311e-09,0.0,0.0,5.730036460928935e-11,20.276898274177228,70.9530175107112,0.0,0.0,0.0,21.99543542220515,0.0,water_constant_flux_empirical_50s_v1,dienhart_shallow_layer_rusanov_v2,within_declared_scope,"water heat flux is a limited empirical 50-60 s closure; ice growth, waves, pool-front pulsation and detached floes are unresolved",0.0,-5.828792746312794e-14,1.504194562538793,0.0,0.0,5.730036460928935e-11,0.0,0.0,0.0,zero_radial_momentum_vapor
water,66.0,0.0,21.995435428320597,6.1155042153623106e-09,0.0,0.0,5.7300364609289344e-11,20.276898274177228,70.9530175107112,0.0,0.0,0.0,21.99543542220515,0.0,water_constant_flux_empirical_50s_v1,dienhart_shallow_layer_rusanov_v2,within_declared_scope,"water heat flux is a limited empirical 50-60 s closure; ice growth, waves, pool-front pulsation and detached floes are unresolved",0.0,-5.828792746230076e-14,1.504194562538793,0.0,0.0,5.7300364609289344e-11,0.0,0.0,0.0,zero_radial_momentum_vapor
water,67.0,0.0,21.995435428320597,6.115504215362308e-09,0.0,0.0,5.730036460928932e-11,20.276898274177228,70.9530175107112,0.0,0.0,0.0,21.99543542220515,0.0,water_constant_flux_empirical_50s_v1,dienhart_shallow_layer_rusanov_v2,within_declared_scope,"water heat flux is a limited empirical 50-60 s closure; ice growth, waves, pool-front pulsation and detached floes are unresolved",0.0,-5.828792745981922e-14,1.504194562538793,0.0,0.0,5.730036460928932e-11,0.0,0.0,0.0,zero_radial_momentum_vapor
water,68.0,0.0,21.995435428320597,6.1155042153623064e-09,0.0,0.0,5.7300364609289305e-11,20.276898274177228,70.9530175107112,0.0,0.0,0.0,21.99543542220515,0.0,water_constant_flux_empirical_50s_v1,dienhart_shallow_layer_rusanov_v2,within_declared_scope,"water heat flux is a limited empirical 50-60 s closure; ice growth, waves, pool-front pulsation and detached floes are unresolved",0.0,-5.828792745816486e-14,1.504194562538793,0.0,0.0,5.7300364609289305e-11,0.0,0.0,0.0,zero_radial_momentum_vapor
water,69.0,0.0,21.995435428320597,6.1155042153623064e-09,0.0,0.0,5.7300364609289305e-11,20.276898274177228,70.9530175107112,0.0,0.0,0.0,21.99543542220515,0.0,water_constant_flux_empirical_50s_v1,dienhart_shallow_layer_rusanov_v2,within_declared_scope,"water heat flux is a limited empirical 50-60 s closure; ice growth, waves, pool-front pulsation and detached floes are unresolved",0.0,-5.828792745816486e-14,1.504194562538793,0.0,0.0,5.7300364609289305e-11,0.0,0.0,0.0,zero_radial_momentum_vapor
water,70.0,0.0,21.995435428320597,6.11550421536231e-09,0.0,0.0,5.730036460928934e-11,20.276898274177228,70.9530175107112,0.0,0.0,0.0,21.99543542220515,0.0,water_constant_flux_empirical_50s_v1,dienhart_shallow_layer_rusanov_v2,within_declared_scope,"water heat flux is a limited empirical 50-60 s closure; ice growth, waves, pool-front pulsation and detached floes are unresolved",0.0,-5.828792746147358e-14,1.504194562538793,0.0,0.0,5.730036460928934e-11,0.0,0.0,0.0,zero_radial_momentum_vapor
aluminium,0.0,0.4257181050642672,0.0,0.0,0.0,0.0,0.0,20.276898274177228,70.9530175107112,0.0,0.0,0.0,0.0,0.0,solid_local_contact_semi_infinite_scaled_v1,dienhart_shallow_layer_rusanov_v2,within_declared_scope,"solid heat transfer uses cumulative local contact age; film/nucleate boiling, reheating and horizontal substrate conduction are unresolved; limited empirical heat-flux multiplier=0.4",0.0,0.0,0.0,0.0,0.0,0.0,0.0,0.0,0.0,zero_radial_momentum_vapor
aluminium,1.0,0.4257181050642672,0.4257181050642673,0.03199675303329776,0.24,0.18095573684677208,0.004485751264358816,20.276898274177228,70.9530175107112,1758973.7533123286,3.9164187110345665,0.3937213520309696,0.3937213520309696,0.0,solid_local_contact_semi_infinite_scaled_v1,dienhart_shallow_layer_rusanov_v2,within_declared_scope,"solid heat transfer uses cumulative local contact age; film/nucleate boiling, reheating and horizontal substrate conduction are unresolved; limited empirical heat-flux multiplier=0.4",0.0,-2.0816681711721685e-17,0.10053096491487337,0.24,0.18095573684677208,0.004485751264358816,3.9164187110345665,0.3937213520309696,0.3961557825893133,zero_radial_momentum_vapor
aluminium,2.0,0.4257181050642672,0.8514362101285357,0.04595227387800054,0.24,0.18095573684677208,0.004294820590782895,20.276898274177228,70.9530175107112,1226382.6934152872,2.7305854441181983,0.4117625842195659,0.8054839362505355,0.0,solid_local_contact_semi_infinite_scaled_v1,dienhart_shallow_layer_rusanov_v2,within_declared_scope,"solid heat transfer uses cumulative local contact age; film/nucleate boiling, reheating and horizontal substrate conduction are unresolved; limited empirical heat-flux multiplier=0.4",0.0,-3.8163916471489756e-16,0.1507964473723101,0.24,0.18095573684677208,0.004294820590782895,2.7305854441181983,0.4117625842195659,0.4065647050187839,zero_radial_momentum_vapor
aluminium,3.0,0.4257181050642672,1.277154315192804,0.05754260454539353,0.24,0.18095573684677208,0.004033562574699081,20.276898274177228,70.9530175107112,925070.334545193,2.059702573965864,0.4141277743968734,1.219611710647409,0.0,solid_local_contact_semi_infinite_scaled_v1,dienhart_shallow_layer_rusanov_v2,within_declared_scope,"solid heat transfer uses cumulative local contact age; film/nucleate boiling, reheating and horizontal substrate conduction are unresolved; limited empirical heat-flux multiplier=0.4",0.0,1.5265566588595902e-15,0.2010619298297468,0.24,0.18095573684677208,0.004033562574699081,2.059702573965864,0.4141277743968734,0.4221913081536884,zero_radial_momentum_vapor
aluminium,4.0,0.4257181050642672,1.702872420257069,0.06882303384752991,0.26,0.21237166338267005,0.004513952334710479,20.276898274177228,70.9530175107112,866210.6067956693,1.9286492602648815,0.41443767576212864,1.6340493864095376,0.0,solid_local_contact_semi_infinite_scaled_v1,dienhart_shallow_layer_rusanov_v2,within_declared_scope,"solid heat transfer uses cumulative local contact age; film/nucleate boiling, reheating and horizontal substrate conduction are unresolved; limited empirical heat-flux multiplier=0.4",0.0,1.609823385706477e-15,0.21488493750554188,0.26,0.21237166338267005,0.004513952334710479,1.9286492602648815,0.41443767576212864,0.4147904757375154,zero_radial_momentum_vapor
aluminium,5.0,0.4257181050642672,2.1285905253213397,0.07669500376243255,0.26,0.21237166338267005,0.0017845934753826515,20.276898274177228,70.9530175107112,309834.467843614,0.6898576541583593,0.4178461351493665,2.051895521558904,0.0,solid_local_contact_semi_infinite_scaled_v1,dienhart_shallow_layer_rusanov_v2,within_declared_scope,"solid heat transfer uses cumulative local contact age; film/nucleate boiling, reheating and horizontal substrate conduction are unresolved; limited empirical heat-flux multiplier=0.4",0.0,3.1086244689504383e-15,0.6056990636121121,0.26,0.21237166338267005,0.0017845934753826515,0.6898576541583593,0.4178461351493665,0.4195721980501983,zero_radial_momentum_vapor
aluminium,6.0,0.4257181050642672,2.5543086303856053,0.08591034745885566,0.28,0.2463008640414398,0.0019544196580269014,20.276898274177228,70.9530175107112,301947.4346160008,0.6722968892811071,0.41650276136784825,2.4683982829267523,0.0,solid_local_contact_semi_infinite_scaled_v1,dienhart_shallow_layer_rusanov_v2,within_declared_scope,"solid heat transfer uses cumulative local contact age; film/nucleate boiling, reheating and horizontal substrate conduction are unresolved; limited empirical heat-flux multiplier=0.4",0.0,-2.706168622523819e-15,0.6195220712879072,0.28,0.2463008640414398,0.0019544196580269014,0.6722968892811071,0.41650276136784825,0.4167877367901503,zero_radial_momentum_vapor
aluminium,7.0,0.4257181050642672,2.9800267354498726,0.09440358663771442,0.28,0.2463008640414398,0.0017824662504786024,20.276898274177228,70.9530175107112,251040.6883583734,0.5589511766541718,0.41722486588540697,2.8856231488121593,0.0,solid_local_contact_semi_infinite_scaled_v1,dienhart_shallow_layer_rusanov_v2,within_declared_scope,"solid heat transfer uses cumulative local contact age; film/nucleate boiling, reheating and horizontal substrate conduction are unresolved; limited empirical heat-flux multiplier=0.4",0.0,-1.1102230246251565e-15,0.7464424144929348,0.28,0.2463008640414398,0.0017824662504786024,0.5589511766541718,0.41722486588540697,0.41644947765887225,zero_radial_momentum_vapor
aluminium,8.0,0.4257181050642672,3.4057448405141386,0.11353983653974349,0.28,0.2463008640414398,0.002151026812606736,20.276898274177228,70.9530175107112,245463.35437152826,0.5465330407140326,0.4065818551622269,3.292205003974386,0.0,solid_local_contact_semi_infinite_scaled_v1,dienhart_shallow_layer_rusanov_v2,within_declared_scope,"solid heat transfer uses cumulative local contact age; film/nucleate boiling, reheating and horizontal substrate conduction are unresolved; limited empirical heat-flux multiplier=0.4",0.0,8.923417560424696e-15,0.743929140370063,0.28,0.2463008640414398,0.002151026812606736,0.5465330407140326,0.4065818551622269,0.3965085987684744,zero_radial_momentum_vapor
aluminium,9.0,0.4257181050642672,3.831462945578404,0.1469188262161964,0.3,0.2827433388230814,0.0027833960669577506,20.276898274177228,70.9530175107112,236864.66597439608,0.5273877498502726,0.3923391153878151,3.6845441193622013,0.0,solid_local_contact_semi_infinite_scaled_v1,dienhart_shallow_layer_rusanov_v2,within_declared_scope,"solid heat transfer uses cumulative local contact age; film/nucleate boiling, reheating and horizontal substrate conduction are unresolved; limited empirical heat-flux multiplier=0.4",0.0,6.494804694057166e-15,0.743929140370063,0.3,0.2827433388230814,0.0027833960669577506,0.5273877498502726,0.3923391153878151,0.39310158793752464,zero_radial_momentum_vapor
aluminium,10.0,0.4257181050642672,4.2571810506426715,0.1663030044446253,0.3,0.2827433388230814,0.002687570657165022,20.276898274177228,70.9530175107112,209258.92653392974,0.4659225720595327,0.4063339268358317,4.090878046198033,0.0,solid_local_contact_semi_infinite_scaled_v1,dienhart_shallow_layer_rusanov_v2,within_declared_scope,"solid heat transfer uses cumulative local contact age; film/nucleate boiling, reheating and horizontal substrate conduction are unresolved; limited empirical heat-flux multiplier=0.4",0.0,1.3211653993039363e-14,0.8721061206365268,0.3,0.2827433388230814,0.002687570657165022,0.4659225720595327,0.4063339268358317,0.4117802120953675,zero_radial_momentum_vapor
aluminium,11.0,0.4257181050642672,4.682899155706942,0.17698221536470013,0.3,0.2827433388230814,0.002860154032951393,20.276898274177228,70.9530175107112,213741.91944728192,0.4759041180002983,0.41503889414418804,4.505916940342221,0.0,solid_local_contact_semi_infinite_scaled_v1,dienhart_shallow_layer_rusanov_v2,within_declared_scope,"solid heat transfer uses cumulative local contact age; film/nucleate boiling, reheating and horizontal substrate conduction are unresolved; limited empirical heat-flux multiplier=0.4",0.0,2.123301534595612e-14,0.8721061206365268,0.3,0.2827433388230814,0.002860154032951393,0.4759041180002983,0.41503889414418804,0.41661458869845536,zero_radial_momentum_vapor
aluminium,12.0,0.4257181050642672,5.108617260771202,0.1853125395578276,0.32,0.3216990877275948,0.0029947777875906304,20.276898274177228,70.9530175107112,214951.57850494157,0.478597467664254,0.41738778087113815,4.923304721213359,0.0,solid_local_contact_semi_infinite_scaled_v1,dienhart_shallow_layer_rusanov_v2,within_declared_scope,"solid heat transfer uses cumulative local contact age; film/nucleate boiling, reheating and horizontal substrate conduction are unresolved; limited empirical heat-flux multiplier=0.4",0.0,1.4960255256823984e-14,0.8721061206365268,0.32,0.3216990877275948,0.0029947777875906304,0.478597467664254,0.41738778087113815,0.4181197846344369,zero_radial_momentum_vapor
aluminium,13.0,0.4257181050642672,5.5343353658354735,0.19164445080203338,0.32,0.3216990877275948,0.0031060569906897384,20.276898274177228,70.9530175107112,216604.96800380107,0.4822787992121339,0.4193861938200669,5.342690915033426,0.0,solid_local_contact_semi_infinite_scaled_v1,dienhart_shallow_layer_rusanov_v2,within_declared_scope,"solid heat transfer uses cumulative local contact age; film/nucleate boiling, reheating and horizontal substrate conduction are unresolved; limited empirical heat-flux multiplier=0.4",0.0,1.4016565685892601e-14,0.8695928465136549,0.32,0.3216990877275948,0.0031060569906897384,0.4822787992121339,0.4193861938200669,0.4186824560920474,zero_radial_momentum_vapor
aluminium,14.0,0.4257181050642672,5.96005347089974,0.19831880118112158,0.32,0.3216990877275948,0.0032142308124023973,20.276898274177228,70.9530175107112,216428.10472373,0.4818850067191755,0.4190437546851795,5.761734669718606,0.0,solid_local_contact_semi_infinite_scaled_v1,dienhart_shallow_layer_rusanov_v2,within_declared_scope,"solid heat transfer uses cumulative local contact age; film/nucleate boiling, reheating and horizontal substrate conduction are unresolved; limited empirical heat-flux multiplier=0.4",0.0,1.2739809207573671e-14,0.8695928465136549,0.32,0.3216990877275948,0.0032142308124023973,0.4818850067191755,0.4190437546851795,0.41940817601961605,zero_radial_momentum_vapor
aluminium,15.0,0.4257181050642672,6.385771575964005,0.20431621769294925,0.34,0.3631681107549802,0.00331143330068046,20.276898274177228,70.9530175107112,216777.72815153637,0.48266345593247295,0.41972068855243716,6.181455358271043,0.0,solid_local_contact_semi_infinite_scaled_v1,dienhart_shallow_layer_rusanov_v2,within_declared_scope,"solid heat transfer uses cumulative local contact age; film/nucleate boiling, reheating and horizontal substrate conduction are unresolved; limited empirical heat-flux multiplier=0.4",0.0,1.2573275753879898e-14,0.8695928465136549,0.34,0.3631681107549802,0.00331143330068046,0.48266345593247295,0.41972068855243716,0.42003150486212226,zero_radial_momentum_vapor
aluminium,16.0,0.4257181050642672,6.811489681028275,0.20904480553760513,0.34,0.3631681107549802,0.002923373313617286,20.276898274177228,70.9530175107112,187610.56525470232,0.41772171231529526,0.4209895172196214,6.602444875490664,0.0,solid_local_contact_semi_infinite_scaled_v1,dienhart_shallow_layer_rusanov_v2,within_declared_scope,"solid heat transfer uses cumulative local contact age; film/nucleate boiling, reheating and horizontal substrate conduction are unresolved; limited empirical heat-flux multiplier=0.4",0.0,5.2735593669694936e-15,1.0078229232716054,0.34,0.3631681107549802,0.002923373313617286,0.41772171231529526,0.4209895172196214,0.4202817836359691,zero_radial_momentum_vapor
aluminium,17.0,0.4257181050642672,7.237207786092527,0.21427033496971837,0.34,0.3631681107549802,0.002996449385763999,20.276898274177228,70.9530175107112,187389.10726510533,0.417228628087897,0.4204925756321458,7.02293745112281,0.0,solid_local_contact_semi_infinite_scaled_v1,dienhart_shallow_layer_rusanov_v2,within_declared_scope,"solid heat transfer uses cumulative local contact age; film/nucleate boiling, reheating and horizontal substrate conduction are unresolved; limited empirical heat-flux multiplier=0.4",0.0,-1.5543122344752192e-15,1.0078229232716054,0.34,0.3631681107549802,0.002996449385763999,0.417228628087897,0.4204925756321458,0.4206889957854421,zero_radial_momentum_vapor
aluminium,18.0,0.4257181050642672,7.6629258911568,0.21911818644089182,0.34,0.3631681107549802,0.0030642438453429496,20.276898274177228,70.9530175107112,187557.41638644366,0.4176033744369008,0.42087025359308416,7.443807704715894,0.0,solid_local_contact_semi_infinite_scaled_v1,dienhart_shallow_layer_rusanov_v2,within_declared_scope,"solid heat transfer uses cumulative local contact age; film/nucleate boiling, reheating and horizontal substrate conduction are unresolved; limited empirical heat-flux multiplier=0.4",0.0,1.4377388168895777e-14,1.0078229232716054,0.34,0.3631681107549802,0.0030642438453429496,0.4176033744369008,0.42087025359308416,0.4210587772422703,zero_radial_momentum_vapor
aluminium,19.0,0.4257181050642672,8.088643996221073,0.22360923291394363,0.36,0.40715040790523715,0.0031270485889278023,20.276898274177228,70.9530175107112,187716.42364113586,0.41795740984322455,0.421227058591227,7.865034763307121,0.0,solid_local_contact_semi_infinite_scaled_v1,dienhart_shallow_layer_rusanov_v2,within_declared_scope,"solid heat transfer uses cumulative local contact age; film/nucleate boiling, reheating and horizontal substrate conduction are unresolved; limited empirical heat-flux multiplier=0.4",0.0,8.215650382226158e-15,1.0078229232716054,0.36,0.40715040790523715,0.0031270485889278023,0.41795740984322455,0.421227058591227,0.4214098926940701,zero_radial_momentum_vapor
aluminium,20.0,0.4257181050642672,8.514362101285359,0.22727095301655867,0.36,0.40715040790523715,0.003186201311692868,20.276898274177228,70.9530175107112,188556.2212300507,0.41982724956341044,0.4220563849616701,8.287091148268791,0.0,solid_local_contact_semi_infinite_scaled_v1,dienhart_shallow_layer_rusanov_v2,within_declared_scope,"solid heat transfer uses cumulative local contact age; film/nucleate boiling, reheating and horizontal substrate conduction are unresolved; limited empirical heat-flux multiplier=0.4",0.0,9.076073226310655e-15,1.0053096491487339,0.36,0.40715040790523715,0.003186201311692868,0.41982724956341044,0.4220563849616701,0.42149291042603015,zero_radial_momentum_vapor
aluminium,21.0,0.4257181050642672,8.940080206349599,0.2313859715900267,0.36,0.40715040790523715,0.0032438913833997838,20.276898274177228,70.9530175107112,188353.70741956428,0.41937634523630585,0.4216030864907889,8.70869423475958,0.0,solid_local_contact_semi_infinite_scaled_v1,dienhart_shallow_layer_rusanov_v2,within_declared_scope,"solid heat transfer uses cumulative local contact age; film/nucleate boiling, reheating and horizontal substrate conduction are unresolved; limited empirical heat-flux multiplier=0.4",0.0,-8.076872504148014e-15,1.0053096491487339,0.36,0.40715040790523715,0.0032438913833997838,0.41937634523630585,0.4216030864907889,0.42172389975798646,zero_radial_momentum_vapor
aluminium,22.0,0.4257181050642672,9.365798311413872,0.2352843122803321,0.36,0.40715040790523715,0.0032985437622278504,20.276898274177228,70.9530175107112,188450.50956338382,0.4195918787123507,0.4218197643739714,9.130513999133552,0.0,solid_local_contact_semi_infinite_scaled_v1,dienhart_shallow_layer_rusanov_v2,within_declared_scope,"solid heat transfer uses cumulative local contact age; film/nucleate boiling, reheating and horizontal substrate conduction are unresolved; limited empirical heat-flux multiplier=0.4",0.0,-1.1324274851176597e-14,1.0053096491487339,0.36,0.40715040790523715,0.0032985437622278504,0.4195918787123507,0.4218197643739714,0.4219326821696169,zero_radial_momentum_vapor
aluminium,23.0,0.4257181050642672,9.791516416478123,0.23896373413728678,0.36,0.40715040790523715,0.00335012703141072,20.276898274177228,70.9530175107112,188548.31286512074,0.419809641302726,0.4220386832072993,9.55255268234085,0.0,solid_local_contact_semi_infinite_scaled_v1,dienhart_shallow_layer_rusanov_v2,within_declared_scope,"solid heat transfer uses cumulative local contact age; film/nucleate boiling, reheating and horizontal substrate conduction are unresolved; limited empirical heat-flux multiplier=0.4",0.0,-1.4876988529977098e-14,1.0053096491487339,0.36,0.40715040790523715,0.00335012703141072,0.419809641302726,0.4220386832072993,0.42214925922297525,zero_radial_momentum_vapor
aluminium,24.0,0.4257181050642672,10.217234521542414,0.24194067094015578,0.36,0.40715040790523715,0.0029558709237353363,20.276898274177228,70.9530175107112,164585.75361755016,0.36645613604164096,0.42274116826140506,9.975293850602256,0.0,solid_local_contact_semi_infinite_scaled_v1,dienhart_shallow_layer_rusanov_v2,within_declared_scope,"solid heat transfer uses cumulative local contact age; film/nucleate boiling, reheating and horizontal substrate conduction are unresolved; limited empirical heat-flux multiplier=0.4",0.0,2.3592239273284576e-15,1.153592822398172,0.36,0.40715040790523715,0.0029558709237353363,0.36645613604164096,0.42274116826140506,0.4221676236042242,zero_radial_momentum_vapor
aluminium,25.0,0.4257181050642672,10.642952626606704,0.24538988673732717,0.38,0.45364597917836613,0.002998011158549636,20.276898274177228,70.9530175107112,164401.88130979627,0.36604673769492185,0.42226888926712824,10.397562739869384,0.0,solid_local_contact_semi_infinite_scaled_v1,dienhart_shallow_layer_rusanov_v2,within_declared_scope,"solid heat transfer uses cumulative local contact age; film/nucleate boiling, reheating and horizontal substrate conduction are unresolved; limited empirical heat-flux multiplier=0.4",0.0,-7.743805596760467e-15,1.153592822398172,0.38,0.45364597917836613,0.002998011158549636,0.36604673769492185,0.42226888926712824,0.4223588129408428,zero_radial_momentum_vapor
aluminium,26.0,0.4257181050642672,11.068670731670982,0.2486858052335503,0.38,0.45364597917836613,0.003038278508442194,20.276898274177228,70.9530175107112,164461.56452424708,0.36617962453156144,0.42242218656806685,10.819984926437451,0.0,solid_local_contact_semi_infinite_scaled_v1,dienhart_shallow_layer_rusanov_v2,within_declared_scope,"solid heat transfer uses cumulative local contact age; film/nucleate boiling, reheating and horizontal substrate conduction are unresolved; limited empirical heat-flux multiplier=0.4",0.0,-1.8846035843012032e-14,1.153592822398172,0.38,0.45364597917836613,0.003038278508442194,0.36617962453156144,0.42242218656806685,0.4225056866146948,zero_radial_momentum_vapor
aluminium,27.0,0.4257181050642672,11.494388836735235,0.25183885291366553,0.38,0.45364597917836613,0.0030768003573012023,20.276898274177228,70.9530175107112,164517.1883969652,0.3663034730969441,0.4225650573841566,11.242549983821608,0.0,solid_local_contact_semi_infinite_scaled_v1,dienhart_shallow_layer_rusanov_v2,within_declared_scope,"solid heat transfer uses cumulative local contact age; film/nucleate boiling, reheating and horizontal substrate conduction are unresolved; limited empirical heat-flux multiplier=0.4",0.0,-3.8469227803261674e-14,1.153592822398172,0.38,0.45364597917836613,0.0030768003573012023,0.3663034730969441,0.4225650573841566,0.42263690295981593,zero_radial_momentum_vapor
aluminium,28.0,0.4257181050642672,11.920106941799505,0.25485017746108063,0.38,0.45364597917836613,0.003113590726762633,20.276898274177228,70.9530175107112,164572.36544228252,0.36642632678495024,0.4227067805168456,11.665256764338453,0.0,solid_local_contact_semi_infinite_scaled_v1,dienhart_shallow_layer_rusanov_v2,within_declared_scope,"solid heat transfer uses cumulative local contact age; film/nucleate boiling, reheating and horizontal substrate conduction are unresolved; limited empirical heat-flux multiplier=0.4",0.0,-2.919886554764162e-14,1.153592822398172,0.38,0.45364597917836613,0.003113590726762633,0.36642632678495024,0.4227067805168456,0.42278680996665124,zero_radial_momentum_vapor
aluminium,29.0,0.4257181050642672,12.345825046863801,0.25729852473491005,0.38,0.45364597917836613,0.0029476361242251306,20.276898274177228,70.9530175107112,154523.63866674068,0.3440524730013468,0.42326975779047693,12.08852652212893,0.0,solid_local_contact_semi_infinite_scaled_v1,dienhart_shallow_layer_rusanov_v2,within_declared_scope,"solid heat transfer uses cumulative local contact age; film/nucleate boiling, reheating and horizontal substrate conduction are unresolved; limited empirical heat-flux multiplier=0.4",0.0,-3.8913317013111737e-14,1.2302476831457627,0.38,0.45364597917836613,0.0029476361242251306,0.3440524730013468,0.42326975779047693,0.42275111520506364,zero_radial_momentum_vapor
aluminium,30.0,0.4257181050642672,12.771543151928023,0.2601814633500241,0.38,0.45364597917836613,0.0029806633404308547,20.276898274177228,70.9530175107112,154364.981842903,0.3436992178420012,0.42283516644913277,12.511361688578063,0.0,solid_local_contact_semi_infinite_scaled_v1,dienhart_shallow_layer_rusanov_v2,within_declared_scope,"solid heat transfer uses cumulative local contact age; film/nucleate boiling, reheating and horizontal substrate conduction are unresolved; limited empirical heat-flux multiplier=0.4",0.0,-6.372680161348399e-14,1.2302476831457627,0.38,0.45364597917836613,0.0029806633404308547,0.3436992178420012,0.42283516644913277,0.42289714970878917,zero_radial_momentum_vapor
aluminium,31.0,0.4257181050642672,13.197261256992265,0.2629549996126468,0.4,0.5026548245743669,0.003012437232986119,20.276898274177228,70.9530175107112,154404.92150142128,0.3437881449369273,0.42294456880163445,12.934306257379697,0.0,solid_local_contact_semi_infinite_scaled_v1,dienhart_shallow_layer_rusanov_v2,within_declared_scope,"solid heat transfer uses cumulative local contact age; film/nucleate boiling, reheating and horizontal substrate conduction are unresolved; limited empirical heat-flux multiplier=0.4",0.0,-7.926992395823618e-14,1.2302476831457627,0.4,0.5026548245743669,0.003012437232986119,0.3437881449369273,0.42294456880163445,0.42299259942767203,zero_radial_momentum_vapor
aluminium,32.0,0.4257181050642672,13.622979362056515,0.2656334140830682,0.4,0.5026548245743669,0.003043121401334132,20.276898274177228,70.9530175107112,154439.64773729545,0.3438654641576861,0.4230396905938356,13.357345947973533,0.0,solid_local_contact_semi_infinite_scaled_v1,dienhart_shallow_layer_rusanov_v2,within_declared_scope,"solid heat transfer uses cumulative local contact age; film/nucleate boiling, reheating and horizontal substrate conduction are unresolved; limited empirical heat-flux multiplier=0.4",0.0,-8.58202398035246e-14,1.2302476831457627,0.4,0.5026548245743669,0.003043121401334132,0.3438654641576861,0.4230396905938356,0.42309355838546914,zero_radial_momentum_vapor
aluminium,33.0,0.4257181050642672,14.048697467120787,0.2682164028835908,0.4,0.5026548245743669,0.0030727123642233815,20.276898274177228,70.9530175107112,154474.48491019764,0.3439430303837522,0.4231351162637438,13.780481064237277,0.0,solid_local_contact_semi_infinite_scaled_v1,dienhart_shallow_layer_rusanov_v2,within_declared_scope,"solid heat transfer uses cumulative local contact age; film/nucleate boiling, reheating and horizontal substrate conduction are unresolved; limited empirical heat-flux multiplier=0.4",0.0,-8.043565813409259e-14,1.2302476831457627,0.4,0.5026548245743669,0.0030727123642233815,0.3439430303837522,0.4231351162637438,0.4231867384352247,zero_radial_momentum_vapor
aluminium,34.0,0.4257181050642672,14.474415572185052,0.27070483226618564,0.4,0.5026548245743669,0.0031012200455180056,20.276898274177228,70.9530175107112,154509.00583936422,0.34401989248169745,0.4232296756816627,14.20371073991894,0.0,solid_local_contact_semi_infinite_scaled_v1,dienhart_shallow_layer_rusanov_v2,within_declared_scope,"solid heat transfer uses cumulative local contact age; film/nucleate boiling, reheating and horizontal substrate conduction are unresolved; limited empirical heat-flux multiplier=0.4",0.0,-7.333023077649159e-14,1.2302476831457627,0.4,0.5026548245743669,0.0031012200455180056,0.34401989248169745,0.4232296756816627,0.42328382324940955,zero_radial_momentum_vapor
aluminium,35.0,0.4257181050642672,14.900133677249315,0.27276224406539595,0.4,0.5026548245743669,0.002935863109282144,20.276898274177228,70.9530175107112,145315.12904898767,0.3235493931232095,0.4236606932650808,14.62737143318402,0.0,solid_local_contact_semi_infinite_scaled_v1,dienhart_shallow_layer_rusanov_v2,within_declared_scope,"solid heat transfer uses cumulative local contact age; film/nucleate boiling, reheating and horizontal substrate conduction are unresolved; limited empirical heat-flux multiplier=0.4",0.0,-1.0158540675320182e-13,1.3094158180162259,0.4,0.5026548245743669,0.002935863109282144,0.3235493931232095,0.4236606932650808,0.42325505655477685,zero_radial_momentum_vapor
aluminium,36.0,0.4257181050642672,15.325851782313553,0.27518034469583746,0.4,0.5026548245743669,0.0029618902174685068,20.276898274177228,70.9530175107112,145191.4131959517,0.32327393529970916,0.4233000044337931,15.050671437617813,0.0,solid_local_contact_semi_infinite_scaled_v1,dienhart_shallow_layer_rusanov_v2,within_declared_scope,"solid heat transfer uses cumulative local contact age; film/nucleate boiling, reheating and horizontal substrate conduction are unresolved; limited empirical heat-flux multiplier=0.4",0.0,-9.81992265280951e-14,1.3094158180162259,0.4,0.5026548245743669,0.0029618902174685068,0.32327393529970916,0.4233000044337931,0.4233480068403908,zero_radial_momentum_vapor
aluminium,37.0,0.4257181050642672,15.751569887377778,0.2775249525068262,0.4,0.5026548245743669,0.0029871262892775,20.276898274177228,70.9530175107112,145216.62114823752,0.32333006171763506,0.4233734972532339,15.474044934871047,0.0,solid_local_contact_semi_infinite_scaled_v1,dienhart_shallow_layer_rusanov_v2,within_declared_scope,"solid heat transfer uses cumulative local contact age; film/nucleate boiling, reheating and horizontal substrate conduction are unresolved; limited empirical heat-flux multiplier=0.4",0.0,-9.525713551283843e-14,1.3094158180162259,0.4,0.5026548245743669,0.0029871262892775,0.32333006171763506,0.4233734972532339,0.42340827110281976,zero_radial_momentum_vapor
aluminium,38.0,0.4257181050642672,16.177287992442018,0.27980407432055304,0.4,0.5026548245743669,0.003011657505749222,20.276898274177228,70.9530175107112,145239.08276976235,0.3233800733307443,0.42343898325052365,15.897483918121571,0.0,solid_local_contact_semi_infinite_scaled_v1,dienhart_shallow_layer_rusanov_v2,within_declared_scope,"solid heat transfer uses cumulative local contact age; film/nucleate boiling, reheating and horizontal substrate conduction are unresolved; limited empirical heat-flux multiplier=0.4",0.0,-1.0597078770047119e-13,1.3094158180162259,0.4,0.5026548245743669,0.003011657505749222,0.3233800733307443,0.42343898325052365,0.42347613130450923,zero_radial_momentum_vapor
aluminium,39.0,0.4257181050642672,16.603006097506267,0.28201743372428967,0.42,0.5541769440932395,0.003035480891728754,20.276898274177228,70.9530175107112,145261.63920054658,0.3234302960401003,0.42350474566057805,16.32098866378215,0.0,solid_local_contact_semi_infinite_scaled_v1,dienhart_shallow_layer_rusanov_v2,within_declared_scope,"solid heat transfer uses cumulative local contact age; film/nucleate boiling, reheating and horizontal substrate conduction are unresolved; limited empirical heat-flux multiplier=0.4",0.0,-1.7197354651443675e-13,1.3094158180162259,0.42,0.5541769440932395,0.003035480891728754,0.3234302960401003,0.42350474566057805,0.42354534265026966,zero_radial_momentum_vapor
aluminium,40.0,0.4257181050642672,17.028724202570547,0.28416497453345596,0.42,0.5541769440932395,0.003058595842476107,20.276898274177228,70.9530175107112,145284.21490253264,0.32348056165748457,0.4235705642550833,16.744559228037232,0.0,solid_local_contact_semi_infinite_scaled_v1,dienhart_shallow_layer_rusanov_v2,within_declared_scope,"solid heat transfer uses cumulative local contact age; film/nucleate boiling, reheating and horizontal substrate conduction are unresolved; limited empirical heat-flux multiplier=0.4",0.0,-1.4094281297616362e-13,1.3094158180162259,0.42,0.5541769440932395,0.003058595842476107,0.32348056165748457,0.4235705642550833,0.42360480990327215,zero_radial_momentum_vapor
aluminium,41.0,0.4257181050642672,17.454442307634828,0.28605902247227183,0.42,0.5541769440932395,0.002898192947743026,20.276898274177228,70.9530175107112,136835.36720556853,0.30466889653470425,0.4238240571254899,17.168383285162722,0.0,solid_local_contact_semi_infinite_scaled_v1,dienhart_shallow_layer_rusanov_v2,within_declared_scope,"solid heat transfer uses cumulative local contact age; film/nucleate boiling, reheating and horizontal substrate conduction are unresolved; limited empirical heat-flux multiplier=0.4",0.0,-1.6603385333269216e-13,1.3910972270095607,0.42,0.5541769440932395,0.002898192947743026,0.30466889653470425,0.4238240571254899,0.4357713641499682,zero_radial_momentum_vapor
aluminium,42.0,0.4257181050642672,17.880160412699052,0.28800669831153936,0.42,0.5541769440932395,0.002917925729925772,20.276898274177228,70.9530175107112,136818.0529608156,0.3046303457422379,0.42377042922499086,17.592153714387713,0.0,solid_local_contact_semi_infinite_scaled_v1,dienhart_shallow_layer_rusanov_v2,within_declared_scope,"solid heat transfer uses cumulative local contact age; film/nucleate boiling, reheating and horizontal substrate conduction are unresolved; limited empirical heat-flux multiplier=0.4",0.0,-2.0061730054976579e-13,1.3910972270095607,0.42,0.5541769440932395,0.002917925729925772,0.3046303457422379,0.42377042922499086,0.423642399584358,zero_radial_momentum_vapor
aluminium,43.0,0.4257181050642672,18.305878517763283,0.29005508919749395,0.42,0.5541769440932395,0.0029386789016614063,20.276898274177228,70.9530175107112,136785.53621204395,0.30455794602446407,0.4236697141783594,18.015823428566073,0.0,solid_local_contact_semi_infinite_scaled_v1,dienhart_shallow_layer_rusanov_v2,within_declared_scope,"solid heat transfer uses cumulative local contact age; film/nucleate boiling, reheating and horizontal substrate conduction are unresolved; limited empirical heat-flux multiplier=0.4",0.0,-2.8371749394295875e-13,1.3910972270095607,0.42,0.5541769440932395,0.0029386789016614063,0.30455794602446407,0.4236697141783594,0.4237006364970488,zero_radial_momentum_vapor
aluminium,44.0,0.4257181050642672,18.731596622827606,0.2920534661243626,0.42,0.5541769440932395,0.0029589253594250117,20.276898274177228,70.9530175107112,136801.68366363895,0.3045938989097434,0.4237197281373746,18.439543156703447,0.0,solid_local_contact_semi_infinite_scaled_v1,dienhart_shallow_layer_rusanov_v2,within_declared_scope,"solid heat transfer uses cumulative local contact age; film/nucleate boiling, reheating and horizontal substrate conduction are unresolved; limited empirical heat-flux multiplier=0.4",0.0,-2.0367041386748497e-13,1.3910972270095607,0.42,0.5541769440932395,0.0029589253594250117,0.3045938989097434,0.4237197281373746,0.4237494614099029,zero_radial_momentum_vapor
aluminium,45.0,0.4257181050642672,19.15731472789185,0.2940054942851518,0.42,0.5541769440932395,0.0029787022369396634,20.276898274177228,70.9530175107112,136816.64777508806,0.30462721704536816,0.42376607690345125,18.8633092336069,0.0,solid_local_contact_semi_infinite_scaled_v1,dienhart_shallow_layer_rusanov_v2,within_declared_scope,"solid heat transfer uses cumulative local contact age; film/nucleate boiling, reheating and horizontal substrate conduction are unresolved; limited empirical heat-flux multiplier=0.4",0.0,-1.990074771640593e-13,1.3910972270095607,0.42,0.5541769440932395,0.0029787022369396634,0.30462721704536816,0.42376607690345125,0.4237952707305469,zero_radial_momentum_vapor
aluminium,46.0,0.4257181050642672,19.583032832956082,0.295911026921287,0.42,0.5541769440932395,0.002998008047328065,20.276898274177228,70.9530175107112,136831.659268863,0.304660640679456,0.4238125724281474,19.287121806035046,0.0,solid_local_contact_semi_infinite_scaled_v1,dienhart_shallow_layer_rusanov_v2,within_declared_scope,"solid heat transfer uses cumulative local contact age; film/nucleate boiling, reheating and horizontal substrate conduction are unresolved; limited empirical heat-flux multiplier=0.4",0.0,-2.5068835896036035e-13,1.3910972270095607,0.42,0.5541769440932395,0.002998008047328065,0.304660640679456,0.4238125724281474,0.4238389376719916,zero_radial_momentum_vapor
aluminium,47.0,0.4257181050642672,20.00875093802032,0.2977698679845815,0.42,0.5541769440932395,0.003016840804337634,20.276898274177228,70.9530175107112,136846.73405852556,0.304694205244128,0.4238592640009884,19.710981070036034,0.0,solid_local_contact_semi_infinite_scaled_v1,dienhart_shallow_layer_rusanov_v2,within_declared_scope,"solid heat transfer uses cumulative local contact age; film/nucleate boiling, reheating and horizontal substrate conduction are unresolved; limited empirical heat-flux multiplier=0.4",0.0,-2.9554136915521667e-13,1.3910972270095607,0.42,0.5541769440932395,0.003016840804337634,0.304694205244128,0.4238592640009884,0.42388279715989396,zero_radial_momentum_vapor
aluminium,48.0,0.4257181050642672,20.434469043084583,0.2995822278103743,0.44,0.608212337734984,0.0030352026389705365,20.276898274177228,70.9530175107112,136861.74093955124,0.3047276186077626,0.42390574523848557,20.13488681527452,0.0,solid_local_contact_semi_infinite_scaled_v1,dienhart_shallow_layer_rusanov_v2,within_declared_scope,"solid heat transfer uses cumulative local contact age; film/nucleate boiling, reheating and horizontal substrate conduction are unresolved; limited empirical heat-flux multiplier=0.4",0.0,-3.110289803487376e-13,1.3910972270095607,0.44,0.608212337734984,0.0030352026389705365,0.3047276186077626,0.42390574523848557,0.42393481321732795,zero_radial_momentum_vapor
aluminium,49.0,0.4257181050642672,20.860187148148814,0.301072753129365,0.44,0.608212337734984,0.002876223451586656,20.276898274177228,70.9530175107112,129149.03953743631,0.2875550098482606,0.42422757974527414,20.559114395019794,0.0,solid_local_contact_semi_infinite_scaled_v1,dienhart_shallow_layer_rusanov_v2,within_declared_scope,"solid heat transfer uses cumulative local contact age; film/nucleate boiling, reheating and horizontal substrate conduction are unresolved; limited empirical heat-flux multiplier=0.4",0.0,-3.4494629375103614e-13,1.475291910125767,0.44,0.608212337734984,0.002876223451586656,0.2875550098482606,0.42422757974527414,0.4238663024103454,zero_radial_momentum_vapor
aluminium,50.0,0.4257181050642672,21.285905253213063,0.3028779676558007,0.44,0.608212337734984,0.002893469118297148,20.276898274177228,70.9530175107112,129053.23763573005,0.28734170344747517,0.42391289053781733,20.98302728555761,0.0,solid_local_contact_semi_infinite_scaled_v1,dienhart_shallow_layer_rusanov_v2,within_declared_scope,"solid heat transfer uses cumulative local contact age; film/nucleate boiling, reheating and horizontal substrate conduction are unresolved; limited empirical heat-flux multiplier=0.4",0.0,-3.493316746983055e-13,1.475291910125767,0.44,0.608212337734984,0.002893469118297148,0.28734170344747517,0.42391289053781733,0.423943662261339,zero_radial_momentum_vapor
aluminium,51.0,0.4257181050642672,21.71162335827737,0.3046328458957297,0.44,0.608212337734984,0.0029102339098496873,20.276898274177228,70.9530175107112,129068.56168200365,0.2873758229910111,0.42396322682437315,21.406990512381984,0.0,solid_local_contact_semi_infinite_scaled_v1,dienhart_shallow_layer_rusanov_v2,within_declared_scope,"solid heat transfer uses cumulative local contact age; film/nucleate boiling, reheating and horizontal substrate conduction are unresolved; limited empirical heat-flux multiplier=0.4",0.0,-3.423927807943983e-13,1.475291910125767,0.44,0.608212337734984,0.0029102339098496873,0.2873758229910111,0.42396322682437315,0.423986448634385,zero_radial_momentum_vapor
aluminium,52.0,0.4257181050642672,22.13734146334162,0.30635246833190494,0.44,0.608212337734984,0.0029266618938747864,20.276898274177228,70.9530175107112,129079.2947257765,0.28739972050135154,0.4239984826280505,21.830988995010035,0.0,solid_local_contact_semi_infinite_scaled_v1,dienhart_shallow_layer_rusanov_v2,within_declared_scope,"solid heat transfer uses cumulative local contact age; film/nucleate boiling, reheating and horizontal substrate conduction are unresolved; limited empirical heat-flux multiplier=0.4",0.0,-3.194666753358888e-13,1.475291910125767,0.44,0.608212337734984,0.0029266618938747864,0.28739972050135154,0.4239984826280505,0.4240170802932026,zero_radial_momentum_vapor
aluminium,53.0,0.4257181050642672,22.563059568405887,0.3080385407997977,0.44,0.608212337734984,0.00294276936664614,20.276898274177228,70.9530175107112,129089.50845629365,0.2874224617419366,0.42403203259631184,22.255021027606347,0.0,solid_local_contact_semi_infinite_scaled_v1,dienhart_shallow_layer_rusanov_v2,within_declared_scope,"solid heat transfer uses cumulative local contact age; film/nucleate boiling, reheating and horizontal substrate conduction are unresolved; limited empirical heat-flux multiplier=0.4",0.0,-2.576272528642676e-13,1.475291910125767,0.44,0.608212337734984,0.00294276936664614,0.2874224617419366,0.42403203259631184,0.42404926731210885,zero_radial_momentum_vapor
aluminium,54.0,0.4257181050642672,22.988777673470167,0.3096910030550763,0.44,0.608212337734984,0.002958555752634552,20.276898274177228,70.9530175107112,129099.74052722294,0.28744524381811287,0.4240656428089906,22.679086670415337,0.0,solid_local_contact_semi_infinite_scaled_v1,dienhart_shallow_layer_rusanov_v2,within_declared_scope,"solid heat transfer uses cumulative local contact age; film/nucleate boiling, reheating and horizontal substrate conduction are unresolved; limited empirical heat-flux multiplier=0.4",0.0,-2.4619195571062846e-13,1.475291910125767,0.44,0.608212337734984,0.002958555752634552,0.28744524381811287,0.4240656428089906,0.42408771794745453,zero_radial_momentum_vapor
aluminium,55.0,0.4257181050642672,23.41449577853445,0.311309689382053,0.44,0.608212337734984,0.002974019468716534,20.276898274177228,70.9530175107112,129110.02304751205,0.2874681382216144,0.42409941873726353,23.1031860891526,0.0,solid_local_contact_semi_infinite_scaled_v1,dienhart_shallow_layer_rusanov_v2,within_declared_scope,"solid heat transfer uses cumulative local contact age; film/nucleate boiling, reheating and horizontal substrate conduction are unresolved; limited empirical heat-flux multiplier=0.4",0.0,-2.0222712393547226e-13,1.475291910125767,0.44,0.608212337734984,0.002974019468716534,0.2874681382216144,0.42409941873726353,0.42412256085722805,zero_radial_momentum_vapor
aluminium,56.0,0.4257181050642672,23.84021388359872,0.312894617023128,0.44,0.608212337734984,0.0029891606796130545,20.276898274177228,70.9530175107112,129120.30031866503,0.28749102093772433,0.4241331774232222,23.527319266575823,0.0,solid_local_contact_semi_infinite_scaled_v1,dienhart_shallow_layer_rusanov_v2,within_declared_scope,"solid heat transfer uses cumulative local contact age; film/nucleate boiling, reheating and horizontal substrate conduction are unresolved; limited empirical heat-flux multiplier=0.4",0.0,-2.294275880387886e-13,1.475291910125767,0.44,0.608212337734984,0.0029891606796130545,0.28749102093772433,0.4241331774232222,0.4241508953195397,zero_radial_momentum_vapor
aluminium,57.0,0.4257181050642672,24.26593198866304,0.3141440154168854,0.44,0.608212337734984,0.002834503045662288,20.276898274177228,70.9530175107112,122049.19737485469,0.27174695436217655,0.4244687066705204,23.951787973246343,0.0,solid_local_contact_semi_infinite_scaled_v1,dienhart_shallow_layer_rusanov_v2,within_declared_scope,"solid heat transfer uses cumulative local contact age; film/nucleate boiling, reheating and horizontal substrate conduction are unresolved; limited empirical heat-flux multiplier=0.4",0.0,-1.8751666885918894e-13,1.5619998673648452,0.44,0.608212337734984,0.002834503045662288,0.27174695436217655,0.4244687066705204,0.4257018735804879,zero_radial_momentum_vapor
aluminium,58.0,0.4257181050642672,24.69165009372724,0.31576015878819413,0.44,0.608212337734984,0.002849085412613071,20.276898274177228,70.9530175107112,121943.74571386182,0.27151216242315845,0.4241019616929158,24.37588993493926,0.0,solid_local_contact_semi_infinite_scaled_v1,dienhart_shallow_layer_rusanov_v2,within_declared_scope,"solid heat transfer uses cumulative local contact age; film/nucleate boiling, reheating and horizontal substrate conduction are unresolved; limited empirical heat-flux multiplier=0.4",0.0,-2.131073095767988e-13,1.5619998673648452,0.44,0.608212337734984,0.002849085412613071,0.27151216242315845,0.4241019616929158,0.4241446753602464,zero_radial_momentum_vapor
aluminium,59.0,0.4257181050642672,25.117368198791514,0.3173121023878716,0.46,0.6647610054996003,0.0028630885087858383,20.276898274177228,70.9530175107112,121962.20533283793,0.2715532634327787,0.42416616146449115,24.80005609640375,0.0,solid_local_contact_semi_infinite_scaled_v1,dienhart_shallow_layer_rusanov_v2,within_declared_scope,"solid heat transfer uses cumulative local contact age; film/nucleate boiling, reheating and horizontal substrate conduction are unresolved; limited empirical heat-flux multiplier=0.4",0.0,-1.081912337497215e-13,1.5619998673648452,0.46,0.6647610054996003,0.0028630885087858383,0.2715532634327787,0.42416616146449115,0.4241857278151003,zero_radial_momentum_vapor
aluminium,60.0,0.4257181050642672,25.543086303855777,0.31883230431874093,0.46,0.6647610054996003,0.0028768052017406685,20.276898274177228,70.9530175107112,121971.332142797,0.2715735846054104,0.42419790313344663,25.224253999537197,0.0,solid_local_contact_semi_infinite_scaled_v1,dienhart_shallow_layer_rusanov_v2,within_declared_scope,"solid heat transfer uses cumulative local contact age; film/nucleate boiling, reheating and horizontal substrate conduction are unresolved; limited empirical heat-flux multiplier=0.4",0.0,-1.61259894326804e-13,1.5619998673648452,0.46,0.6647610054996003,0.0028768052017406685,0.2715735846054104,0.42419790313344663,0.42421129699749766,zero_radial_momentum_vapor
aluminium,61.0,0.4257181050642672,25.968804408920022,0.32032673266489275,0.46,0.6647610054996003,0.002890289341150646,20.276898274177228,70.9530175107112,121978.74292541746,0.2715900849810775,0.42422367671805006,25.648477676255247,0.0,solid_local_contact_semi_infinite_scaled_v1,dienhart_shallow_layer_rusanov_v2,within_declared_scope,"solid heat transfer uses cumulative local contact age; film/nucleate boiling, reheating and horizontal substrate conduction are unresolved; limited empirical heat-flux multiplier=0.4",0.0,-1.1801670751765414e-13,1.5619998673648452,0.46,0.6647610054996003,0.002890289341150646,0.2715900849810775,0.42422367671805006,0.42423737078831714,zero_radial_momentum_vapor
aluminium,62.0,0.0,26.39452251398432,0.321796379454858,0.46,0.6647610054996003,0.0029035498780310832,20.276898274177228,70.9530175107112,121985.86846614568,0.2716059502553499,0.4242484582743593,26.072726134529606,0.0,solid_local_contact_semi_infinite_scaled_v1,dienhart_shallow_layer_rusanov_v2,within_declared_scope,"solid heat transfer uses cumulative local contact age; film/nucleate boiling, reheating and horizontal substrate conduction are unresolved; limited empirical heat-flux multiplier=0.4",0.0,-1.4416245974757658e-13,1.5619998673648452,0.46,0.6647610054996003,0.0029035498780310832,0.2716059502553499,0.4242484582743593,0.4242616403702953,zero_radial_momentum_vapor
aluminium,63.0,0.0,26.39452251398432,0.002721329575315198,0.0,0.0,2.6379529702449932e-05,20.276898274177228,70.9530175107112,98564.350672447,0.2194570933691477,0.31907504987953317,26.39180118440914,0.0,solid_local_contact_semi_infinite_scaled_v1,dienhart_shallow_layer_rusanov_v2,within_declared_scope,"solid heat transfer uses cumulative local contact age; film/nucleate boiling, reheating and horizontal substrate conduction are unresolved; limited empirical heat-flux multiplier=0.4",0.0,-1.3452260139157346e-13,1.453929080081356,0.0,0.0,2.6379529702449932e-05,0.2194570933691477,0.31907504987953317,0.10360115602529084,zero_radial_momentum_vapor
aluminium,64.0,0.0,26.39452251398432,1.5970827923897226e-08,0.0,0.0,1.4634075072449802e-10,20.276898274177228,70.9530175107112,794.616453371439,0.0017692422869980396,0.0027213136044856867,26.394522498013625,0.0,solid_local_contact_semi_infinite_scaled_v1,dienhart_shallow_layer_rusanov_v2,within_declared_scope,"solid heat transfer uses cumulative local contact age; film/nucleate boiling, reheating and horizontal substrate conduction are unresolved; limited empirical heat-flux multiplier=0.4",0.0,-1.3293518771501575e-13,1.5381237631975626,0.0,0.0,1.4634075072449802e-10,0.0017692422869980396,0.0027213136044856867,0.0,zero_radial_momentum_vapor
aluminium,65.0,0.0,26.39452251398432,1.5970827923897232e-08,0.0,0.0,1.4634075072449807e-10,20.276898274177228,70.9530175107112,0.0,0.0,0.0,26.394522498013625,0.0,solid_local_contact_semi_infinite_scaled_v1,dienhart_shallow_layer_rusanov_v2,within_declared_scope,"solid heat transfer uses cumulative local contact age; film/nucleate boiling, reheating and horizontal substrate conduction are unresolved; limited empirical heat-flux multiplier=0.4",0.0,-1.329351877216332e-13,1.5381237631975626,0.0,0.0,1.4634075072449807e-10,0.0,0.0,0.0,zero_radial_momentum_vapor
aluminium,66.0,0.0,26.39452251398432,1.5970827923897226e-08,0.0,0.0,1.4634075072449802e-10,20.276898274177228,70.9530175107112,0.0,0.0,0.0,26.394522498013625,0.0,solid_local_contact_semi_infinite_scaled_v1,dienhart_shallow_layer_rusanov_v2,within_declared_scope,"solid heat transfer uses cumulative local contact age; film/nucleate boiling, reheating and horizontal substrate conduction are unresolved; limited empirical heat-flux multiplier=0.4",0.0,-1.3293518771501575e-13,1.5381237631975626,0.0,0.0,1.4634075072449802e-10,0.0,0.0,0.0,zero_radial_momentum_vapor
aluminium,67.0,0.0,26.39452251398432,1.5970827923897222e-08,0.0,0.0,1.46340750724498e-10,20.276898274177228,70.9530175107112,0.0,0.0,0.0,26.394522498013625,0.0,solid_local_contact_semi_infinite_scaled_v1,dienhart_shallow_layer_rusanov_v2,within_declared_scope,"solid heat transfer uses cumulative local contact age; film/nucleate boiling, reheating and horizontal substrate conduction are unresolved; limited empirical heat-flux multiplier=0.4",0.0,-1.3293518771170703e-13,1.5381237631975626,0.0,0.0,1.46340750724498e-10,0.0,0.0,0.0,zero_radial_momentum_vapor
aluminium,68.0,0.0,26.39452251398432,1.597082792389722e-08,0.0,0.0,1.4634075072449797e-10,20.276898274177228,70.9530175107112,0.0,0.0,0.0,26.394522498013625,0.0,solid_local_contact_semi_infinite_scaled_v1,dienhart_shallow_layer_rusanov_v2,within_declared_scope,"solid heat transfer uses cumulative local contact age; film/nucleate boiling, reheating and horizontal substrate conduction are unresolved; limited empirical heat-flux multiplier=0.4",0.0,-1.329351877083983e-13,1.5381237631975626,0.0,0.0,1.4634075072449797e-10,0.0,0.0,0.0,zero_radial_momentum_vapor
aluminium,69.0,0.0,26.39452251398432,1.5970827923897222e-08,0.0,0.0,1.46340750724498e-10,20.276898274177228,70.9530175107112,0.0,0.0,0.0,26.394522498013625,0.0,solid_local_contact_semi_infinite_scaled_v1,dienhart_shallow_layer_rusanov_v2,within_declared_scope,"solid heat transfer uses cumulative local contact age; film/nucleate boiling, reheating and horizontal substrate conduction are unresolved; limited empirical heat-flux multiplier=0.4",0.0,-1.3293518771170703e-13,1.5381237631975626,0.0,0.0,1.46340750724498e-10,0.0,0.0,0.0,zero_radial_momentum_vapor
aluminium,70.0,0.0,26.39452251398432,1.5970827923897222e-08,0.0,0.0,1.46340750724498e-10,20.276898274177228,70.9530175107112,0.0,0.0,0.0,26.394522498013625,0.0,solid_local_contact_semi_infinite_scaled_v1,dienhart_shallow_layer_rusanov_v2,within_declared_scope,"solid heat transfer uses cumulative local contact age; film/nucleate boiling, reheating and horizontal substrate conduction are unresolved; limited empirical heat-flux multiplier=0.4",0.0,-1.3293518771170703e-13,1.5381237631975626,0.0,0.0,1.46340750724498e-10,0.0,0.0,0.0,zero_radial_momentum_vapor
