time_s,interval_start_s,ground_inflow_interval_mean_kg_s,quasi_steady_interval_mean_kg_s,dynamic_interval_mean_kg_s,liquid_inventory_kg,dynamic_cumulative_evaporation_kg,memoryless_cumulative_evaporation_kg,dynamic_reported_radius_m,quasi_steady_radius_m
0.0,0.0,0.0,0.0,0.0,0.0,0.0,0.0,0.0,
1.0,0.0,0.0707,0.0707,0.035555914837613486,0.035144085162386554,0.035555914837613486,0.0707,0.14,0.23298768769005082
2.0,1.0,0.0707,0.0707,0.052163285345684235,0.053680799816702346,0.08771920018329772,0.1414,0.19,0.27707061590904036
3.0,2.0,0.0707,0.0707,0.055947117259561766,0.06843368255714054,0.1436663174428595,0.2121,0.21,0.30662904110676725
4.0,3.0,0.0707,0.0707,0.058836982884208355,0.08029669967293226,0.20250330032706784,0.2828,0.23,0.32949434779721687
5.0,4.0,0.0707,0.0707,0.05867321917696963,0.09232348049596263,0.2611765195040375,0.3535,0.25,0.3483978548268679
6.0,5.0,0.0707,0.0707,0.06254026929631873,0.10048321119964351,0.3237167888003562,0.4242,0.27,0.3646454373506294
7.0,6.0,0.0707,0.0707,0.06105651119966882,0.11012669999997476,0.384773300000025,0.4949,0.28,0.3789723119608004
8.0,7.0,0.0707,0.0707,0.061558460350354505,0.11926823964962073,0.4463317603503795,0.5656,0.29,0.39183702275363147
9.0,8.0,0.0707,0.0707,0.06255411297170937,0.127414126677911,0.5088858733220889,0.6363,0.3,0.4035465126171579
10.0,9.0,0.0707,0.0707,0.06359535380215753,0.13451877287575423,0.5724812271242464,0.707,0.31,0.41431720781179643
11.0,10.0,0.0707,0.0707,0.06445605299560042,0.14076271988015276,0.6369372801198468,0.7777,0.32,0.4243079241433055
12.0,11.0,0.0707,0.0707,0.06494828455920154,0.14651443532095365,0.7018855646790484,0.8484,0.33,0.4336389485506475
13.0,12.0,0.0707,0.0707,0.06470903699007469,0.15250539833087934,0.7665946016691231,0.9191,0.33,0.4424037598827849
14.0,13.0,0.0707,0.0707,0.06310318911932356,0.16010220921155646,0.8296977907884466,0.9898,0.34,0.4506765697728147
15.0,14.0,0.0707,0.0707,0.06476412026913692,0.16603808894242014,0.8944619110575835,1.0605,0.35000000000000003,0.4585173629060359
16.0,15.0,0.0707,0.0707,0.06654092269507039,0.1701971662473487,0.9610028337526539,1.1312,0.35000000000000003,0.46597537538010164
17.0,16.0,0.0707,0.0707,0.06321462746674111,0.17768253878060547,1.024217461219395,1.2019,0.36,0.47309156139740355
18.0,17.0,0.0707,0.0707,0.06655921006011178,0.18182332872049423,1.0907766712795068,1.2726,0.37,0.47990038403885954
19.0,18.0,0.0707,0.0707,0.06551770926338896,0.1870056194571052,1.1562943805428958,1.3433,0.37,0.48643114216212285
20.0,19.0,0.0707,0.0707,0.06469825907947713,0.1930073603776303,1.220992639622373,1.414,0.38,0.49270897139784925
21.0,20.0,0.0707,0.0707,0.06709991965450923,0.19660744072312067,1.2880925592768822,1.4847,0.38,0.49875561140013447
22.0,21.0,0.0707,0.0707,0.06413455840244708,0.2031728823206694,1.3522271176793292,1.5554,0.39,0.5045900023432537
23.0,22.0,0.0707,0.0707,0.06766057688499272,0.206212305435677,1.419887694564322,1.6260999999999999,0.39,0.5102287546170161
24.0,23.0,0.0707,0.0707,0.06469034088764003,0.21222196454803707,1.484578035451962,1.6968,0.4,0.5156865229587289
25.0,24.0,0.0707,0.0707,0.06700098461883353,0.21592097992920178,1.5515790200707955,1.7675,0.4,0.5209763075954447
26.0,25.0,0.0707,0.0707,0.06623946269586711,0.22038151723333219,1.6178184827666626,1.8382,0.41000000000000003,0.5261096989565632
27.0,26.0,0.0707,0.0707,0.06517397690446791,0.22590754032886415,1.6829924596711305,1.9089,0.41000000000000003,0.5310970782730466
28.0,27.0,0.0707,0.0707,0.06842206810273188,0.22818547222613017,1.7514145277738624,1.9796,0.42,0.5359477833388514
29.0,28.0,0.0707,0.0707,0.06283711449229679,0.23604835773383318,1.8142516422661592,2.0503,0.42,0.5406702465011198
30.0,29.0,0.0707,0.0707,0.07010310426602251,0.2366452534678101,1.8843547465321817,2.121,0.42,0.5452721103201427
31.0,30.0,0.0707,0.0707,0.06556789678882624,0.24177735667898442,1.949922643321008,2.1917,0.43,0.5497603251297901
32.0,31.0,0.0707,0.0707,0.06563896118231316,0.24683839549667513,2.015561604503321,2.2624,0.43,0.5541412318180807
33.0,32.0,0.0707,0.0707,0.06921296058960813,0.24832543490706455,2.0847745650929292,2.3331,0.43,0.5584206324548218
34.0,33.0,0.0707,0.0707,0.06424050645610757,0.25478492845095907,2.149015071549037,2.4038,0.44,0.562603850861539
35.0,34.0,0.0707,0.0707,0.06772844294297231,0.2577564855079844,2.216743514492009,2.4745,0.44,0.5666957848071711
36.0,35.0,0.0707,0.0707,0.06860316205826011,0.25985332344973144,2.2853466765502692,2.5452,0.45,0.5707009511915501
37.0,36.0,0.0707,0.0707,0.06395517978723353,0.2665981436625023,2.3493018563375028,2.6159,0.45,0.5746235253257677
38.0,37.0,0.0707,0.0707,0.06845625307739844,0.2688418905851026,2.417758109414901,2.6866,0.45,0.5784673752180965
39.0,38.0,0.0707,0.0707,0.06876269762446352,0.2707791929606404,2.4865208070393647,2.7573,0.46,0.5822360916142076
40.0,39.0,0.0707,0.0707,0.06438978001185136,0.27708941294878775,2.550910587051216,2.828,0.46,0.5859330144119945
41.0,40.0,0.0707,0.0707,0.06768674496029092,0.2801026679884938,2.618597332011507,2.8987,0.46,0.5895612559675559
42.0,41.0,0.0707,0.0707,0.06955616329168546,0.2812465046968173,2.6881534953031925,2.9694,0.46,0.5931237217245722
43.0,42.0,0.0707,0.0707,0.06547681418257856,0.28646969051423404,2.753630309485771,3.0401,0.47000000000000003,0.5966231285304241
44.0,43.0,0.0707,0.0707,0.0656251740169318,0.2915445164973056,2.819255483502703,3.1108,0.47000000000000003,0.600062020945837
45.0,44.0,0.0707,0.0707,0.07032752141157683,0.29191699508573504,2.8895830049142797,3.1814999999999998,0.47000000000000003,0.603442785808141
46.0,45.0,0.0707,0.0707,0.06733118443395991,0.29528581065177023,2.9569141893482396,3.2521999999999998,0.48,0.606767665269533
47.0,46.0,0.0707,0.0707,0.06393288834950761,0.3020529223022589,3.020847077697747,3.3228999999999997,0.48,0.610038768499492
48.0,47.0,0.0707,0.0707,0.06926103054317645,0.30349189175908325,3.0901081082409236,3.3936,0.48,0.6132580822135345
49.0,48.0,0.0707,0.0707,0.06971501736051788,0.3044768743985656,3.1598231256014415,3.4643,0.48,0.6164274801678593
50.0,49.0,0.0707,0.0707,0.0661326636112034,0.30904421078735983,3.225955789212645,3.535,0.49,0.6195487317403489
51.0,50.0,0.0707,0.0707,0.06444453119221594,0.3152996795951477,3.290400320404861,3.6057,0.49,0.6226235097022415
52.0,51.0,0.0707,0.0707,0.0703963689949143,0.31560331060024077,3.360796689399775,3.6764,0.49,0.6256533972710846
53.0,52.0,0.0707,0.0707,0.06931882055427563,0.3169844900459682,3.430115509954051,3.7471,0.49,0.6286398945238947
54.0,53.0,0.0707,0.0707,0.06588786191071128,0.32179662813525634,3.496003371864762,3.8178,0.5,0.6315844242394641
55.0,54.0,0.0707,0.0707,0.06489904943516533,0.327597578700095,3.5609024212999274,3.8885,0.5,0.634488337230198
56.0,55.0,0.0707,0.0707,0.07040908696170112,0.3278884917383907,3.6313115082616285,3.9592,0.5,0.637352917216499
57.0,56.0,0.0707,0.0707,0.06954935482305968,0.3290391369153314,3.700860863084688,4.0299,0.5,0.6401793852903693
58.0,57.0,0.0707,0.0707,0.06632846333056364,0.33341067358476056,3.767189326415252,4.1006,0.51,0.6429689040094069
59.0,58.0,0.0707,0.0707,0.06404135670707278,0.3400693168776829,3.8312306831223246,4.1713,0.51,0.6457225811576095
60.0,59.0,0.0707,0.0707,0.07041504835793866,0.3403542685197503,3.9016457314802633,4.242,0.51,0.6484414732052622
61.0,60.0,0.0707,0.0707,0.07017525160587823,0.3408790169138705,3.9718209830861415,4.3126999999999995,0.51,0.6511265884965712
62.0,61.0,0.0707,0.0707,0.06741509030618964,0.344163926607685,4.039236073392331,4.3834,0.52,0.6537788901905557
63.0,62.0,0.0707,0.0707,0.0648639246750049,0.35000000193268344,4.104099998067336,4.4540999999999995,0.52,0.6563992989779488
64.0,63.0,0.0707,0.0707,0.06769556028206747,0.3530044416506208,4.1717955583494035,4.5248,0.52,0.6589886955944337
65.0,64.0,0.0707,0.0707,0.0704349747057238,0.35326946694490025,4.242230533055127,4.5955,0.52,0.6615479231484079
66.0,65.0,0.0707,0.0707,0.0692417266048686,0.3547277403400379,4.311472259659996,4.6662,0.52,0.6640777892795936
67.0,66.0,0.0707,0.0707,0.06639333510306233,0.35903440523697766,4.377865594763058,4.7369,0.53,0.6665790681631495
68.0,67.0,0.0707,0.0707,0.06426202593022978,0.3654723793067491,4.442127620693288,4.8076,0.53,0.6690525023724719
69.0,68.0,0.0707,0.0707,0.07006932593575499,0.3661030533709888,4.512196946629043,4.8783,0.53,0.6714988046125688
70.0,69.0,0.0707,0.0707,0.07044632335310208,0.3663567300178768,4.582643269982145,4.949,0.53,0.6739186593347388
71.0,70.0,0.0707,0.0707,0.06872707226691421,0.36832965775095644,4.651370342249059,5.0197,0.53,0.676312724242251
72.0,71.0,0.0707,0.0707,0.06616984725876218,0.37285981049220085,4.7175401895078215,5.0904,0.54,0.678681631695812
73.0,72.0,0.0707,0.0707,0.06443664129296245,0.3791231691992364,4.781976830800784,5.1611,0.54,0.6810259900267783
74.0,73.0,0.0707,0.0707,0.07044581863759625,0.3793773505616421,4.85242264943838,5.2318,0.54,0.6833463847653491
75.0,74.0,0.0707,0.0707,0.07045670948055438,0.3796206410810926,4.922879358918935,5.3025,0.54,0.6856433797903089
76.0,75.0,0.0707,0.0707,0.06900034588846626,0.38132029519263333,4.991879704807401,5.3732,0.54,0.6879175184063092
77.0,76.0,0.0707,0.0707,0.06653721295728232,0.38548308223535666,5.058416917764683,5.4439,0.55,0.6901693243541427
78.0,77.0,0.0707,0.0707,0.06465969067702115,0.39152339155831706,5.123076608441704,5.5146,0.55,0.6923993027589918
79.0,78.0,0.0707,0.0707,0.06939009918445826,0.3928332923738592,5.192466707626163,5.5853,0.55,0.6946079410212004
80.0,79.0,0.0707,0.0707,0.07046320393499883,0.3930700884388729,5.262929911561161,5.656,0.55,0.6967957096537358
81.0,80.0,0.0707,0.0707,0.06984498322326438,0.3939251052156067,5.332774894784426,5.7267,0.55,0.6989630630701524
82.0,81.0,0.0707,0.0707,0.06745992460533579,0.3971651806102781,5.400234819389762,5.7974,0.56,0.701110440326558
83.0,82.0,0.0707,0.0707,0.0655224312716296,0.4023427493386491,5.465757250661391,5.8681,0.56,0.7032382658207897
84.0,83.0,0.0707,0.0707,0.06656840766328198,0.40647434167536833,5.532325658324673,5.9388,0.56,0.7053469499517553
85.0,84.0,0.0707,0.0707,0.07046724921004799,0.40670709246532555,5.602792907534721,6.0095,0.56,0.7074368897416516
86.0,85.0,0.0707,0.0707,0.07047327600660314,0.4069338164587176,5.673266183541324,6.0802,0.56,0.7095084694235633
87.0,86.0,0.0707,0.0707,0.0690480519902188,0.40858576446849154,5.742314235531543,6.1509,0.56,0.7115620609967422
88.0,87.0,0.0707,0.0707,0.06687709081124815,0.41240867365724704,5.809191326342791,6.2216,0.5700000000000001,0.7135980247517012
89.0,88.0,0.0707,0.0707,0.06517941225045121,0.41792926140679,5.874370738593242,6.2923,0.5700000000000001,0.7156167097670803
90.0,89.0,0.0707,0.0707,0.06809629694002695,0.4205329644667753,5.942467035533269,6.3629999999999995,0.5700000000000001,0.7176184543801043
91.0,90.0,0.0707,0.0707,0.07047651584835002,0.4207564486184201,6.012943551381619,6.4337,0.5700000000000001,0.719603586632313
92.0,91.0,0.0707,0.0707,0.07046201453783141,0.4209944340805658,6.083405565919451,6.5043999999999995,0.5700000000000001,0.721572424692118
93.0,92.0,0.0707,0.0707,0.06892853486161954,0.422765899218953,6.15233410078107,6.5751,0.5700000000000001,0.7235252772556299
94.0,93.0,0.0707,0.0707,0.06692214109386008,0.4265437581250972,6.21925624187493,6.6457999999999995,0.58,0.7254624439270938
95.0,94.0,0.0707,0.0707,0.06532676209895616,0.43191699602614,6.284583003973887,6.7165,0.58,0.7273842155801766
96.0,95.0,0.0707,0.0707,0.06784595920137537,0.434771036824763,6.352428963175262,6.7872,0.58,0.7292908747012588
97.0,96.0,0.0707,0.0707,0.07048308828230443,0.43498794854245626,6.422912051457566,6.8579,0.58,0.7311826957158057
98.0,97.0,0.0707,0.0707,0.07048935959549141,0.43519858894696045,6.493401411053058,6.9286,0.58,0.7330599452988171
99.0,98.0,0.0707,0.0707,0.06949595648017404,0.43640263246678623,6.562897367533232,6.9993,0.58,0.7349228826702862
100.0,99.0,0.0707,0.0707,0.06749083634751152,0.43961179611927653,6.630388203880743,7.07,0.59,0.7367717598765351
101.0,100.0,0.0707,0.0707,0.06589893927177659,0.4444128568475006,6.69628714315252,7.1407,0.59,0.7386068220582356
102.0,101.0,0.0707,0.0707,0.06591981686477055,0.44919303998271876,6.7622069600172905,7.2114,0.59,0.7404283077058711
103.0,102.0,0.0707,0.0707,0.07048730864002906,0.4494057313426983,6.8326942686573195,7.2821,0.59,0.742236448903346
104.0,103.0,0.0707,0.0707,0.0704934767163099,0.44961225462638776,6.9031877453736294,7.3528,0.59,0.7440314715603978
105.0,104.0,0.0707,0.0707,0.0703228196780028,0.44998943494838706,6.973510565051632,7.4235,0.59,0.7458135956344356
106.0,105.0,0.0707,0.0707,0.06860752475911358,0.452081910189266,7.042118089810746,7.4942,0.6,0.7475830353423757
107.0,106.0,0.0707,0.0707,0.06690794964519142,0.45587396054407536,7.109026039455937,7.5649,0.6,0.7493399993630174
108.0,107.0,0.0707,0.0707,0.06551157298048604,0.4610623875635831,7.174537612436423,7.6356,0.6,0.7510846910304678
109.0,108.0,0.0707,0.0707,0.06775052748676824,0.46401186007680184,7.2422881399231915,7.7063,0.6,0.7528173085190861
110.0,109.0,0.0707,0.0707,0.07049562128856124,0.46421623878823653,7.312783761211753,7.777,0.6,0.7545380450203972
111.0,110.0,0.0707,0.0707,0.07050111532858772,0.46441512345964614,7.3832848765403405,7.8477,0.6,0.7562470889123911
112.0,111.0,0.0707,0.0707,0.07019613209793807,0.4649189913616934,7.453481008638279,7.9184,0.6,0.7579446239216008
113.0,112.0,0.0707,0.0707,0.06846337760071108,0.4671556137609741,7.52194438623899,7.9891,0.61,0.7596308292783298
114.0,113.0,0.0707,0.0707,0.06689461899854798,0.47096099476242237,7.588839005237538,8.0598,0.61,0.7613058798653755
115.0,114.0,0.0707,0.0707,0.06558728451447848,0.47607371024794826,7.654426289752016,8.1305,0.61,0.7629699463605761
116.0,115.0,0.0707,0.0707,0.06776300675991465,0.4790107034880311,7.722189296511931,8.2012,0.61,0.7646231953734881
117.0,116.0,0.0707,0.0707,0.070501451739295,0.47920925174873125,7.792690748251226,8.2719,0.61,0.7662657895764853
118.0,117.0,0.0707,0.0707,0.07050660019455002,0.47940265155417094,7.863197348445776,8.3426,0.61,0.7678978878305512
119.0,118.0,0.0707,0.0707,0.0703892295845252,0.4797134219696374,7.933586578030301,8.4133,0.61,0.7695196453060257
120.0,119.0,0.0707,0.0707,0.06890684634917932,0.4815065756204609,8.00249342437948,8.484,0.61,0.7711312135985442
121.0,120.0,0.0707,0.0707,0.06735145622298333,0.48485511939746345,8.069844880602464,8.5547,0.62,0.7727327408404042
122.0,121.0,0.0707,0.0707,0.06605868019889982,0.4894964391985783,8.135903560801363,8.625399999999999,0.62,0.7743243718075714
123.0,122.0,0.0707,0.0707,0.06600233561952429,0.4941941035790493,8.201905896420888,8.6961,0.62,0.775906248022533
124.0,123.0,0.0707,0.0707,0.0705051386584099,0.4943889649206339,8.272411035079298,8.7668,0.62,0.7774785078531914
125.0,124.0,0.0707,0.0707,0.07051022714266608,0.49457873777797157,8.342921262221964,8.8375,0.62,0.7790412866079798
126.0,125.0,0.0707,0.0707,0.07051470648401548,0.49476403129395624,8.41343596870598,8.908199999999999,0.62,0.7805947166273751
127.0,126.0,0.0707,0.0707,0.06991008109721264,0.4955539501967404,8.483346049803192,8.9789,0.62,0.7821389273719702
128.0,127.0,0.0707,0.0707,0.06828411999202721,0.49796983020471375,8.551630169795219,9.0496,0.63,0.7836740455072629
129.0,128.0,0.0707,0.0707,0.06692747427731938,0.5017423559273888,8.618557644072538,9.1203,0.63,0.7852001949853058
130.0,129.0,0.0707,0.0707,0.06577075444171143,0.5066716014856786,8.68432839851425,9.191,0.63,0.7867174971233599
131.0,130.0,0.0707,0.0707,0.06761416392286534,0.5097574375628092,8.751942562437115,9.2617,0.63,0.7882260706796819
132.0,131.0,0.0707,0.0707,0.07051204685131474,0.509945390711486,8.82245460928843,9.3324,0.63,0.7897260319265703
133.0,132.0,0.0707,0.0707,0.07051660824308215,0.5101287824684276,8.892971217531512,9.4031,0.63,0.7912174947207926
134.0,133.0,0.0707,0.0707,0.07052069271939132,0.5103080897490133,8.963491910250903,9.4738,0.63,0.7927005705715012
135.0,134.0,0.0707,0.0707,0.06980144454092674,0.5112066452080656,9.03329335479183,9.5445,0.63,0.7941753687057514
136.0,135.0,0.0707,0.0707,0.0682668203525818,0.5136398248554803,9.101560175144412,9.6152,0.64,0.7956419961317185
137.0,136.0,0.0707,0.0707,0.06699289401747421,0.5173469308379894,9.168553069161886,9.6859,0.64,0.7971005576997134
138.0,137.0,0.0707,0.0707,0.06589727949573465,0.5221496513422751,9.23445034865762,9.7566,0.64,0.798551156161089
139.0,138.0,0.0707,0.0707,0.06734683032716582,0.5255028210150945,9.301797178984787,9.8273,0.64,0.7999938922251235
140.0,139.0,0.0707,0.0707,0.07051676672748286,0.5256860542876293,9.37231394571227,9.898,0.64,0.8014288646139662
141.0,140.0,0.0707,0.0707,0.07052108971245907,0.525864964575166,9.442835035424729,9.9687,0.64,0.8028561701157231
142.0,141.0,0.0707,0.0707,0.0705249606856384,0.5260400038895374,9.513359996110367,10.0394,0.64,0.8042759036357582
143.0,142.0,0.0707,0.0707,0.07018489863123456,0.5265551052583147,9.583544894741602,10.1101,0.64,0.8056881582462856
144.0,143.0,0.0707,0.0707,0.06875609682201222,0.5284990084363086,9.652300991563614,10.1808,0.64,0.8070930252343158
145.0,144.0,0.0707,0.0707,0.06748179735992643,0.5317172110763888,9.71978278892354,10.2515,0.65,0.8084905941480265
146.0,145.0,0.0707,0.0707,0.0663901602403385,0.5360270508360548,9.786172949163879,10.3222,0.65,0.8098809528416171
147.0,146.0,0.0707,0.0707,0.0654338632383169,0.5412931875977339,9.851606812402196,10.3929,0.65,0.8112641875187077
148.0,147.0,0.0707,0.0707,0.07037861256856637,0.541614575029167,9.921985424970762,10.4636,0.65,0.8126403827743403
149.0,148.0,0.0707,0.0707,0.07052388520180486,0.5417906898273822,9.992509310172567,10.5343,0.65,0.814009621635634
150.0,149.0,0.0707,0.0707,0.07052770365193517,0.5419629861754588,10.063037013824502,10.605,0.65,0.8153719856011482
151.0,150.0,0.0707,0.0707,0.07053116835112938,0.5421318178243433,10.133568182175631,10.675699999999999,0.65,0.8167275546790022
152.0,151.0,0.0707,0.0707,0.0697761454656689,0.5430556723586636,10.2033443276413,10.7464,0.65,0.8180764074237982
153.0,152.0,0.0707,0.0707,0.06840803700464448,0.5453476353540203,10.271752364645945,10.8171,0.66,0.8194186209723939
154.0,153.0,0.0707,0.0707,0.06725742038207372,0.5487902149719187,10.339009785028018,10.8878,0.66,0.8207542710785674
155.0,154.0,0.0707,0.0707,0.06625608976113995,0.5532341252107807,10.405265874789158,10.958499999999999,0.66,0.8220834321466136
156.0,155.0,0.0707,0.0707,0.06620081207932138,0.5577333131314425,10.47146668686848,11.0292,0.66,0.8234061772639164
157.0,156.0,0.0707,0.0707,0.07052579312129481,0.5579075200101374,10.541992479989775,11.0999,0.66,0.8247225782325289
158.0,157.0,0.0707,0.0707,0.07052894044975311,0.5580785795603984,10.612521420439528,11.1706,0.66,0.826032705599802
159.0,158.0,0.0707,0.0707,0.070532479653588,0.5582460999067826,10.683053900093116,11.241299999999999,0.66,0.8273366286880938
160.0,159.0,0.0707,0.0707,0.07053570434645096,0.558410395560313,10.753589604439567,11.312,0.66,0.8286344156235929
161.0,160.0,0.0707,0.0707,0.0698861217890947,0.5592242737712463,10.823475726228661,11.3827,0.66,0.8299261333642892
162.0,161.0,0.0707,0.0707,0.06857748740389802,0.5613467863673497,10.89205321363256,11.4534,0.67,0.831211847727121
163.0,162.0,0.0707,0.0707,0.06746878737863682,0.5645779989887104,10.959522001011196,11.5241,0.67,0.8324916234143271
164.0,163.0,0.0707,0.0707,0.06650084084574104,0.5687771581429576,11.026022841856937,11.5948,0.67,0.8337655240390335
165.0,164.0,0.0707,0.0707,0.06563652712778634,0.5738406310151741,11.091659368984724,11.6655,0.67,0.835033612150101
166.0,165.0,0.0707,0.0707,0.07015404023119132,0.5743865907839841,11.161813409215915,11.7362,0.67,0.8362959492562579
167.0,166.0,0.0707,0.0707,0.07053228564907066,0.5745543051349258,11.232345694864986,11.8069,0.67,0.8375525958495453
168.0,167.0,0.0707,0.0707,0.0705357100651085,0.5747185950698301,11.302881404930094,11.8776,0.67,0.8388036114280955
169.0,168.0,0.0707,0.0707,0.0705388207885651,0.5748797742812337,11.37342022571866,11.9483,0.67,0.8400490545182684
170.0,169.0,0.0707,0.0707,0.07037093274501771,0.5752088415362264,11.443791158463677,12.019,0.67,0.8412889826961677
171.0,170.0,0.0707,0.0707,0.06921789661653222,0.5766909449197078,11.513009055080209,12.0897,0.67,0.8425234526085561
172.0,171.0,0.0707,0.0707,0.0680819413343432,0.5793090035853807,11.581090996414552,12.1604,0.68,0.843752519993192
173.0,172.0,0.0707,0.0707,0.06709792336448395,0.5829110802208741,11.648188919779036,12.2311,0.68,0.8449762396986041
174.0,173.0,0.0707,0.0707,0.06622420010449126,0.5873868801163734,11.714413119883528,12.3018,0.68,0.846194665703326
175.0,174.0,0.0707,0.0707,0.06703247432209025,0.5910544057942657,11.781445594205618,12.3725,0.68,0.8474078511346064
176.0,175.0,0.0707,0.0707,0.07053396935309841,0.5912204364411955,11.851979563558716,12.4432,0.68,0.848615848286611
177.0,176.0,0.0707,0.0707,0.0705374997233168,0.5913829367178645,11.922517063282033,12.5139,0.68,0.8498187086381366
178.0,177.0,0.0707,0.0707,0.07054062295850194,0.5915423137593653,11.993057686240535,12.5846,0.68,0.8510164828698491
179.0,178.0,0.0707,0.0707,0.07054348037041791,0.5916988333889561,12.063601166610953,12.6553,0.68,0.8522092208810628
180.0,179.0,0.0707,0.0707,0.07028988201107644,0.5921089513778994,12.13389104862203,12.725999999999999,0.68,0.8533969718060757
181.0,180.0,0.0707,0.0707,0.06914151777519173,0.5936674336027056,12.203032566397221,12.7967,0.68,0.8545797840300746
182.0,181.0,0.0707,0.0707,0.06807815821431973,0.596289275388403,12.27111072461154,12.8674,0.6900000000000001,0.8557577052046237
183.0,182.0,0.0707,0.0707,0.06714911336928431,0.5998401620191203,12.338259837980825,12.9381,0.6900000000000001,0.8569307822627487
184.0,183.0,0.0707,0.0707,0.0663192635573413,0.604220898461757,12.404579101538166,13.008799999999999,0.6900000000000001,0.8580990614336319
185.0,184.0,0.0707,0.0707,0.06684340280413359,0.6080774956576404,12.4714225043423,13.0795,0.6900000000000001,0.8592625882569278
186.0,185.0,0.0707,0.0707,0.07053768054721843,0.6082398151104045,12.541960184889518,13.1502,0.6900000000000001,0.8604214075967114
187.0,186.0,0.0707,0.0707,0.07054105430220581,0.6083987608081948,12.612501239191724,13.2209,0.6900000000000001,0.8615755636550723
188.0,187.0,0.0707,0.0707,0.07054403144192989,0.6085547293662584,12.683045270633654,13.291599999999999,0.6900000000000001,0.8627250999853625
189.0,188.0,0.0707,0.0707,0.0705467549979879,0.6087079743682676,12.753592025631642,13.3623,0.6900000000000001,0.8638700595051121
190.0,189.0,0.0707,0.0707,0.07048524700669923,0.6089227273615511,12.824077272638341,13.433,0.6900000000000001,0.8650104845086192
191.0,190.0,0.0707,0.0707,0.06955558314515287,0.6100671442163941,12.893632855783494,13.5037,0.6900000000000001,0.8661464166792269
192.0,191.0,0.0707,0.0707,0.06849325103284443,0.6122738931835641,12.962126106816338,13.5744,0.7000000000000001,0.867277897101295
193.0,192.0,0.0707,0.0707,0.06756791827246289,0.6154059749111088,13.029694025088801,13.6451,0.7000000000000001,0.8684049662718762
194.0,193.0,0.0707,0.0707,0.0667432763984408,0.6193626985126539,13.096437301487242,13.7158,0.7000000000000001,0.8695276641121058
195.0,194.0,0.0707,0.0707,0.06599598757862246,0.624066710934034,13.162433289065865,13.7865,0.7000000000000001,0.8706460299783122
196.0,195.0,0.0707,0.0707,0.06931862641213193,0.6254480845219205,13.231751915477997,13.8572,0.7000000000000001,0.8717601026728587
197.0,196.0,0.0707,0.0707,0.07054311993602269,0.6256049645858945,13.30229503541402,13.9279,0.7000000000000001,0.8728699204547217
198.0,197.0,0.0707,0.0707,0.07054608981957244,0.6257588747663335,13.372841125233592,13.9986,0.7000000000000001,0.8739755210498142
199.0,198.0,0.0707,0.0707,0.07054878646387586,0.6259100883024119,13.443389911697468,14.0693,0.7000000000000001,0.8750769416610649
200.0,199.0,0.0707,0.0707,0.07055127304236564,0.626058815260034,13.513941184739833,14.14,0.7000000000000001,0.8761742189782519
201.0,200.0,0.0707,0.0707,0.07035730034405496,0.6264015149159905,13.584298485083888,14.2107,0.7000000000000001,0.8772673891876093
202.0,201.0,0.0707,0.0707,0.06933779918270488,0.6277637157333031,13.653636284266593,14.2814,0.7000000000000001,0.8783564879812025
203.0,202.0,0.0707,0.0707,0.0683605128051834,0.6301032029281006,13.721996797071776,14.3521,0.71,0.8794415505660859
204.0,203.0,0.0707,0.0707,0.06749966450498945,0.6333035384231005,13.789496461576766,14.4228,0.71,0.8805226116732462
205.0,204.0,0.0707,0.0707,0.06672632009419566,0.6372772183289085,13.856222781670962,14.4935,0.71,0.8815997055663368
206.0,205.0,0.0707,0.0707,0.06602132452277942,0.6419558938061268,13.922244106193741,14.5642,0.71,0.8826728660502127
207.0,206.0,0.0707,0.0707,0.06965304385656168,0.6430028499495297,13.991897150050303,14.6349,0.71,0.8837421264792652
208.0,207.0,0.0707,0.0707,0.07054680232386268,0.6431560476256724,14.062443952374165,14.7056,0.71,0.8848075197655698
209.0,208.0,0.0707,0.0707,0.07054957184226751,0.6433064757833957,14.132993524216433,14.776299999999999,0.71,0.8858690783868451
210.0,209.0,0.0707,0.0707,0.07055212934206345,0.6434543464413373,14.203545653558496,14.847,0.71,0.8869268343942334
211.0,210.0,0.0707,0.0707,0.07055448408814335,0.6435998623531859,14.27410013764664,14.9177,0.71,0.8879808194199031
212.0,211.0,0.0707,0.0707,0.07047822847286689,0.643821633880324,14.344578366119507,14.9884,0.71,0.8890310646844839
213.0,212.0,0.0707,0.0707,0.06960675929605387,0.6449148745842553,14.41418512541556,15.059099999999999,0.71,0.8900776010043318
214.0,213.0,0.0707,0.0707,0.06864682482960482,0.6469680497546167,14.482831950245165,15.1298,0.72,0.8911204587986349
215.0,214.0,0.0707,0.0707,0.06780124238327723,0.6498668073713667,14.550633192628442,15.2005,0.72,0.8921596680963612
216.0,215.0,0.0707,0.0707,0.06704167788347526,0.6535251294878883,14.617674870511918,15.2712,0.72,0.8931952585430527
217.0,216.0,0.0707,0.0707,0.066349329061552,0.6578758004263329,14.68402419957347,15.341899999999999,0.72,0.8942272594074707
218.0,217.0,0.0707,0.0707,0.06783012134294708,0.6607456790833609,14.751854320916417,15.4126,0.72,0.8952556995880957
219.0,218.0,0.0707,0.0707,0.0705489241452728,0.6608967549380579,14.82240324506169,15.4833,0.72,0.8962806076194864
220.0,219.0,0.0707,0.0707,0.07055171527349735,0.6610450396645783,14.892954960335187,15.554,0.72,0.8973020116785
221.0,220.0,0.0707,0.0707,0.07055422988945637,0.6611908097751065,14.963509190224643,15.624699999999999,0.72,0.8983199395903798
222.0,221.0,0.0707,0.0707,0.07055654116527421,0.6613342686098549,15.034065731389918,15.6954,0.72,0.8993344188347111
223.0,222.0,0.0707,0.0707,0.07055869090395994,0.6614755777058906,15.104624422293877,15.7661,0.72,0.9003454765512501
224.0,223.0,0.0707,0.0707,0.07029862726827574,0.6618769504376216,15.174923049562153,15.8368,0.72,0.9013531395456293
225.0,224.0,0.0707,0.0707,0.06934314037153655,0.663233810066058,15.24426618993369,15.9075,0.72,0.9023574342949416
226.0,225.0,0.0707,0.0707,0.06846457029454989,0.665469239771508,15.31273076022824,15.9782,0.73,0.9033583869532071
227.0,226.0,0.0707,0.0707,0.06768193683068979,0.6684873029408146,15.38041269705893,16.0489,0.73,0.9043560233567244
228.0,227.0,0.0707,0.0707,0.06697310130510559,0.6722142016357087,15.447385798364035,16.1196,0.73,0.9053503690293114
229.0,228.0,0.0707,0.0707,0.06632292921335114,0.6765912724223648,15.513708727577386,16.1903,0.73,0.9063414491874361
230.0,229.0,0.0707,0.0707,0.06846260568101314,0.6788286667413713,15.5821713332584,16.261,0.73,0.9073292887452417
231.0,230.0,0.0707,0.0707,0.07055249732191804,0.6789761694194694,15.652723830580317,16.3317,0.73,0.9083139123194671
232.0,231.0,0.0707,0.0707,0.07055510716000057,0.6791210622594571,15.723278937740318,16.4024,0.73,0.9092953442342679
233.0,232.0,0.0707,0.0707,0.07055747560028713,0.6792635866591705,15.793836413340605,16.4731,0.73,0.9102736085259379
234.0,233.0,0.0707,0.0707,0.07055965761273875,0.6794039290463902,15.864396070953344,16.5438,0.73,0.9112487289475343
235.0,234.0,0.0707,0.0707,0.07056169057383599,0.6795422384725524,15.93495776152718,16.6145,0.73,0.9122207289734098
236.0,235.0,0.0707,0.0707,0.07041130097501735,0.6798309374975259,16.005369062502197,16.6852,0.73,0.913189631803653
237.0,236.0,0.0707,0.0707,0.06954432721996895,0.6809866102775388,16.074913389722166,16.7559,0.73,0.9141554603684394
238.0,237.0,0.0707,0.0707,0.06868775836265684,0.6829988519149093,16.143601148084823,16.8266,0.74,0.9151182373322959
239.0,238.0,0.0707,0.0707,0.06792381708130435,0.6857750348335929,16.211524965166127,16.8973,0.74,0.9160779850982791
240.0,239.0,0.0707,0.0707,0.0672313507147102,0.6892436841188498,16.278756315880837,16.968,0.74,0.9170347258120718
241.0,240.0,0.0707,0.0707,0.06659582558230426,0.6933478585365318,16.34535214146314,17.0387,0.74,0.917988481365999
242.0,241.0,0.0707,0.0707,0.06694687995314652,0.697100978583347,16.41229902141629,17.1094,0.74,0.9189392734029624
243.0,242.0,0.0707,0.0707,0.07055600044313692,0.6972449781402031,16.482855021859425,17.1801,0.74,0.9198871233203016
244.0,243.0,0.0707,0.0707,0.07055716690125635,0.6973878112389347,16.55341218876068,17.250799999999998,0.74,0.9208320522735763
245.0,244.0,0.0707,0.0707,0.07055950095654495,0.6975283102824076,16.623971689717226,17.3215,0.74,0.9217740811802766
246.0,245.0,0.0707,0.0707,0.07056164204947635,0.697666668232926,16.694533331766703,17.3922,0.74,0.9227132307234622
247.0,246.0,0.0707,0.0707,0.07056363055780679,0.6978030376751547,16.76509696232451,17.4629,0.74,0.92364952135533
248.0,247.0,0.0707,0.0707,0.07056549436698134,0.6979375433081295,16.83566245669149,17.5336,0.74,0.9245829733007143
249.0,248.0,0.0707,0.0707,0.07018248743719013,0.6984550558709056,16.90584494412868,17.6043,0.74,0.9255136065605183
250.0,249.0,0.0707,0.0707,0.06929905421102589,0.6998560016598537,16.975143998339707,17.675,0.74,0.9264414409150836
251.0,250.0,0.0707,0.0707,0.06851242535492119,0.7020435763049232,17.043656423694628,17.7457,0.75,0.9273664959274921
252.0,251.0,0.0707,0.0707,0.0678039510749393,0.7049396252299553,17.111460374769567,17.816399999999998,0.75,0.9282887909468073
253.0,252.0,0.0707,0.0707,0.0671569910999743,0.708482634129971,17.178617365869542,17.8871,0.75,0.9292083451112552
254.0,253.0,0.0707,0.0707,0.0665598044665181,0.712622829663435,17.24517717033606,17.9578,0.75,0.9301251773513436
255.0,254.0,0.0707,0.0707,0.06761801993781091,0.7157048097256429,17.31279519027387,18.0285,0.75,0.9310393063929255
256.0,255.0,0.0707,0.0707,0.07055781445690812,0.7158469952687468,17.38335300473078,18.0992,0.75,0.9319507507602033
257.0,256.0,0.0707,0.0707,0.07056032774304555,0.715986667525693,17.453913332473824,18.1699,0.75,0.9328595287786792
258.0,257.0,0.0707,0.0707,0.07056252723804946,0.71612414028764,17.524475859711874,18.2406,0.75,0.9337656585780497
259.0,258.0,0.0707,0.0707,0.07056455014157237,0.7162595901460519,17.595040409853446,18.3113,0.75,0.9346691580950476
260.0,259.0,0.0707,0.0707,0.0705664323965074,0.7163931577495237,17.665606842249954,18.382,0.75,0.9355700450762325
261.0,260.0,0.0707,0.0707,0.07056819911793255,0.7165249586316274,17.736175041367886,18.4527,0.75,0.9364683370807287
262.0,261.0,0.0707,0.0707,0.07032075254241477,0.7169042060892099,17.8064957939103,18.5234,0.75,0.9373640514829154
263.0,262.0,0.0707,0.0707,0.0694894304533129,0.7181147756359031,17.875985224363614,18.5941,0.75,0.9382572054750664
264.0,263.0,0.0707,0.0707,0.06872249177524736,0.7200922838606777,17.94470771613886,18.6648,0.76,0.9391478160699436
265.0,264.0,0.0707,0.0707,0.06803097681728332,0.7227613070433626,18.012738692956145,18.7355,0.76,0.9400359001033427
266.0,265.0,0.0707,0.0707,0.06739900085158368,0.7260623061918126,18.08013769380773,18.8062,0.76,0.9409214742365943
267.0,266.0,0.0707,0.0707,0.06681530280688364,0.72994700338494,18.146952996614612,18.8769,0.76,0.9418045549590205
268.0,267.0,0.0707,0.0707,0.06629422390064121,0.7343527794841918,18.213247220515253,18.9476,0.76,0.9426851585903459
269.0,268.0,0.0707,0.0707,0.07041420528335252,0.734638574200864,18.283661425798606,19.0183,0.76,0.9435633012830689
270.0,269.0,0.0707,0.0707,0.07056218937831105,0.7347763848225527,18.354223615176917,19.089,0.76,0.9444389990247889
271.0,270.0,0.0707,0.0707,0.07056436549780543,0.7349120193247588,18.424787980674722,19.1597,0.76,0.945312267640494
272.0,271.0,0.0707,0.0707,0.07056635764935848,0.7350456616753798,18.49535433832408,19.2304,0.76,0.9461831227948071
273.0,272.0,0.0707,0.0707,0.07056820487248672,0.7351774568028291,18.565922543196567,19.301099999999998,0.76,0.9470515799941949
274.0,273.0,0.0707,0.0707,0.07056993413540269,0.7353075226674392,18.63649247733197,19.3718,0.76,0.9479176545891362
275.0,274.0,0.0707,0.0707,0.0705703332242642,0.735437189443177,18.707062810556234,19.4425,0.76,0.9487813617762553
276.0,275.0,0.0707,0.0707,0.07009446226533456,0.736042727177854,18.77715727282157,19.5132,0.76,0.949642716600416
277.0,276.0,0.0707,0.0707,0.06930088597723483,0.7374418412005954,18.846458158798804,19.5839,0.76,0.9505017339567812
278.0,277.0,0.0707,0.0707,0.06859045378976347,0.7395513874108869,18.915048612588567,19.6546,0.77,0.9513584285928369
279.0,278.0,0.0707,0.0707,0.06794481091619176,0.7423065764946851,18.98299342350476,19.7253,0.77,0.9522128151103815
280.0,279.0,0.0707,0.0707,0.06735114829658784,0.745655428198119,19.050344571801347,19.796,0.77,0.9530649079674812
281.0,280.0,0.0707,0.0707,0.06680018380384922,0.7495552443942445,19.117144755605196,19.866699999999998,0.77,0.9539147214803926
282.0,281.0,0.0707,0.0707,0.06663712484776951,0.7536181195464999,19.183781880452965,19.9374,0.77,0.9547622698254528
283.0,282.0,0.0707,0.0707,0.07055954502994766,0.7537585745165271,19.254341425482913,20.0081,0.77,0.9556075670409372
284.0,283.0,0.0707,0.0707,0.07056502510575768,0.7538935494107731,19.32490645058867,20.0788,0.77,0.9564506270288864
285.0,284.0,0.0707,0.0707,0.07056708666399558,0.7540264627467943,19.395473537252666,20.1495,0.77,0.9572914635569039
286.0,285.0,0.0707,0.0707,0.07056897796791617,0.7541574847788357,19.466042515220582,20.2202,0.77,0.958130090259921
287.0,286.0,0.0707,0.0707,0.07057073431741046,0.7542867504614211,19.536613249537993,20.2909,0.77,0.9589665206419353
288.0,287.0,0.0707,0.0707,0.07057238035174507,0.7544143701096955,19.607185629889738,20.3616,0.77,0.9598007680777191
289.0,288.0,0.0707,0.0707,0.07057393395754374,0.7545404361521361,19.67775956384728,20.4323,0.77,0.9606328458144991
290.0,289.0,0.0707,0.0707,0.07028621921727662,0.7549542169348642,19.74804578306456,20.503,0.77,0.9614627669736105
291.0,290.0,0.0707,0.0707,0.0695207478148383,0.7561334691200303,19.817566530879397,20.5737,0.77,0.9622905445521217
292.0,291.0,0.0707,0.0707,0.0688241762578734,0.7580092928621854,19.88639070713727,20.6444,0.78,0.9631161914244342
293.0,292.0,0.0707,0.0707,0.06819090944620498,0.7605183834160076,19.954581616583475,20.7151,0.78,0.9639397203438559
294.0,293.0,0.0707,0.0707,0.06760850103338001,0.7636098823826539,20.022190117616855,20.7858,0.78,0.9647611439441488
295.0,294.0,0.0707,0.0707,0.06706790794897088,0.7672419744336895,20.089258025565826,20.8565,0.78,0.9655804747410521
296.0,295.0,0.0707,0.0707,0.06656235781432329,0.7713796166193789,20.15582038338015,20.9272,0.78,0.9663977251337801
297.0,296.0,0.0707,0.0707,0.069011161794716,0.7730684548246607,20.224831545174865,20.9979,0.78,0.9672129074064975
298.0,297.0,0.0707,0.0707,0.07056658957187167,0.7732018652528202,20.295398134746737,21.0686,0.78,0.9680260337297688
299.0,298.0,0.0707,0.0707,0.07056864804704688,0.7733332172057946,20.365966782793784,21.1393,0.78,0.968837116161988
300.0,299.0,0.0707,0.0707,0.07057052641489037,0.7734626907909129,20.436537309208674,21.21,0.78,0.9696461666507816
301.0,300.0,0.0707,0.0707,0.07057226303945896,0.7735904277514698,20.507109572248133,21.2807,0.78,0.9704531970343933
302.0,301.0,0.0707,0.0707,0.07057388504500395,0.773716542706478,20.577683457293137,21.351399999999998,0.78,0.9712582190430432
303.0,302.0,0.0707,0.0707,0.07057541189338679,0.7738411308131006,20.648258869186524,21.4221,0.78,0.9720612443002695
304.0,303.0,0.0707,0.0707,0.07057522084592449,0.773965909967198,20.71883409003245,21.4928,0.78,0.9728622843242457
305.0,304.0,0.0707,0.0707,0.07013586939140382,0.7745300405758128,20.788969959423852,21.5635,0.78,0.9736613505290789
306.0,305.0,0.0707,0.0707,0.0694123860901783,0.7758176544856084,20.85838234551403,21.6342,0.78,0.9744584542260888
307.0,306.0,0.0707,0.0707,0.06875930790936025,0.7777583465763163,20.92714165342339,21.7049,0.79,0.9752536066250646
308.0,307.0,0.0707,0.0707,0.06816206197576236,0.780296284600558,20.995303715399153,21.7756,0.79,0.9760468188355043
309.0,308.0,0.0707,0.0707,0.06761022786018955,0.7833860567403804,21.062913943259343,21.8463,0.79,0.9768381018678342
310.0,309.0,0.0707,0.0707,0.06709610536900712,0.7869899513713666,21.13001004862835,21.916999999999998,0.79,0.9776274666346095
311.0,310.0,0.0707,0.0707,0.06661384684563387,0.7910761045257454,21.196623895473984,21.9877,0.79,0.9784149239516975
312.0,311.0,0.0707,0.0707,0.06907346308051032,0.7927026414452352,21.265697358554494,22.0584,0.79,0.979200484539441
313.0,312.0,0.0707,0.0707,0.07056902863335779,0.7928336128118906,21.33626638718785,22.1291,0.79,0.9799841590238063
314.0,313.0,0.0707,0.0707,0.07057100021714291,0.7929626125947571,21.406837387404995,22.1998,0.79,0.9807659579375114
315.0,314.0,0.0707,0.0707,0.07057280042310765,0.7930898121717005,21.477410187828102,22.2705,0.79,0.9815458917211394
316.0,315.0,0.0707,0.0707,0.07057446564956038,0.7932153465221397,21.547984653477663,22.3412,0.79,0.9823239707242326
317.0,316.0,0.0707,0.0707,0.07057602150052844,0.793339325021571,21.61856067497819,22.4119,0.79,0.9831002052063732
318.0,317.0,0.0707,0.0707,0.07057748643839545,0.7934618385831013,21.689138161416587,22.482599999999998,0.79,0.9838746053382453
319.0,318.0,0.0707,0.0707,0.07057887421770204,0.7935829643654042,21.75971703563429,22.5533,0.79,0.9846471812026825
320.0,319.0,0.0707,0.0707,0.07037935824660835,0.7939036061188101,21.830096393880897,22.624,0.79,0.9854179427956985
321.0,320.0,0.0707,0.0707,0.06969137994528296,0.7949122261735091,21.89978777382618,22.6947,0.79,0.9861869000275046
322.0,321.0,0.0707,0.0707,0.06904453308213121,0.7965676930913549,21.96883230690831,22.7654,0.79,0.9869540627235099
323.0,322.0,0.0707,0.0707,0.06845348614087854,0.7988142069504947,22.03728579304919,22.8361,0.8,0.9877194406253085
324.0,323.0,0.0707,0.0707,0.06790777850141794,0.8016064284490815,22.105193571550608,22.9068,0.8,0.9884830433916506
325.0,324.0,0.0707,0.0707,0.06739968438144217,0.8049067440676366,22.17259325593205,22.9775,0.8,0.9892448805994014
326.0,325.0,0.0707,0.0707,0.06692334018633161,0.8086834038812677,22.23951659611838,23.0482,0.8,0.9900049617444835
327.0,326.0,0.0707,0.0707,0.06685992065369817,0.8125234832275797,22.30637651677208,23.1189,0.8,0.9907632962428082
328.0,327.0,0.0707,0.0707,0.07056672472955583,0.812656758497987,22.376943241501635,23.1896,0.8,0.991519893431191
329.0,328.0,0.0707,0.0707,0.07057220209399873,0.8127845564039811,22.447515443595634,23.2603,0.8,0.9922747625682551
330.0,329.0,0.0707,0.0707,0.0705740168430431,0.8129105395609966,22.518089460438677,23.331,0.8,0.9930279128353227
331.0,330.0,0.0707,0.0707,0.07057568481323528,0.8130348547477501,22.588665145251912,23.401699999999998,0.8,0.9937793533372907
332.0,331.0,0.0707,0.0707,0.07057723553633366,0.8131576192114007,22.659242380788246,23.4724,0.8,0.9945290931034966
333.0,332.0,0.0707,0.0707,0.07057868998017724,0.8132789292312433,22.729821070768423,23.5431,0.8,0.9952771410885711
334.0,333.0,0.0707,0.0707,0.07058006355498136,0.8133988656762291,22.800401134323405,23.6138,0.8,0.9960235061732778
335.0,334.0,0.0707,0.0707,0.07058136792273118,0.8135174977535055,22.870982502246136,23.6845,0.8,0.9967681971653426
336.0,335.0,0.0707,0.0707,0.07034478098460539,0.813872716768846,22.94132728323074,23.7552,0.8,0.9975112228002689
337.0,336.0,0.0707,0.0707,0.06967908968402625,0.8148936270848539,23.011006372914768,23.8259,0.8,0.9982525917421443
338.0,337.0,0.0707,0.0707,0.06906369020039804,0.8165299368844583,23.080070063115166,23.8966,0.8,0.9989923125844336
339.0,338.0,0.0707,0.0707,0.06849914447676042,0.8187307924076679,23.148569207591926,23.967299999999998,0.81,0.9997303938507611
340.0,339.0,0.0707,0.0707,0.06797627036129583,0.8214545220463776,23.216545477953222,24.038,0.81,1.0004668439956836
341.0,340.0,0.0707,0.0707,0.06748820567735336,0.8246663163690297,23.284033683630575,24.1087,0.81,1.0012016714054504
342.0,341.0,0.0707,0.0707,0.06702969096848932,0.8283366254005727,23.351063374599065,24.1794,0.81,1.001934884398753
343.0,342.0,0.0707,0.0707,0.06660186141190039,0.8324347639886833,23.417665236010965,24.2501,0.81,1.0026664912274668
344.0,343.0,0.0707,0.0707,0.07033486066968919,0.8327999033189779,23.488000096680654,24.3208,0.81,1.0033965000773797
345.0,344.0,0.0707,0.0707,0.07057412675622388,0.8329257765627937,23.558574223436878,24.3915,0.81,1.0041249190689114
346.0,345.0,0.0707,0.0707,0.07057589298176481,0.833049883581004,23.629150116418643,24.4622,0.81,1.0048517562578245
347.0,346.0,0.0707,0.0707,0.07057751424536818,0.8331723693356282,23.69972763066401,24.532899999999998,0.81,1.0055770196359233
348.0,347.0,0.0707,0.0707,0.07057901984848769,0.8332933494871573,23.7703066505125,24.6036,0.81,1.0063007171317444
349.0,348.0,0.0707,0.0707,0.0705804306629858,0.8334129188241935,23.840887081175484,24.6743,0.81,1.0070228566112382
350.0,349.0,0.0707,0.0707,0.07058176202422928,0.8335311567999435,23.911468843199714,24.745,0.81,1.0077434458784407
351.0,350.0,0.0707,0.0707,0.07058302552779949,0.833648131272131,23.982051868727513,24.8157,0.81,1.0084624926761352
352.0,351.0,0.0707,0.0707,0.07055227618201698,0.833795855090093,24.05260414490953,24.8864,0.81,1.0091800046865074
353.0,352.0,0.0707,0.0707,0.07004467133552694,0.8344511837545188,24.122648816245057,24.9571,0.81,1.0098959895317896
354.0,353.0,0.0707,0.0707,0.06942601997680242,0.8357251637777472,24.19207483622186,25.0278,0.81,1.0106104547748964
355.0,354.0,0.0707,0.0707,0.06885990650793161,0.8375652572697811,24.26093474272979,25.0985,0.8200000000000001,1.0113234079200535
356.0,355.0,0.0707,0.0707,0.0683366634699567,0.839928593799815,24.329271406199748,25.1692,0.8200000000000001,1.0120348564134158
357.0,356.0,0.0707,0.0707,0.06784910020538604,0.8427794935944495,24.397120506405134,25.2399,0.8200000000000001,1.0127448076436798
358.0,357.0,0.0707,0.0707,0.06739172825453466,0.8460877653399377,24.46451223465967,25.3106,0.8200000000000001,1.0134532689426852
359.0,358.0,0.0707,0.0707,0.06696026550972078,0.8498274998301965,24.53147250016939,25.3813,0.8200000000000001,1.014160247586011
360.0,359.0,0.0707,0.0707,0.06738963812855658,0.8531378617016655,24.598862138297946,25.451999999999998,0.8200000000000001,1.0148657507935617
361.0,360.0,0.0707,0.0707,0.07057835134017054,0.8532595103615277,24.669440489638117,25.5227,0.8200000000000001,1.0155697857301471
362.0,361.0,0.0707,0.0707,0.07057668996850808,0.8533828203930287,24.740017179606625,25.5934,0.8200000000000001,1.0162723595060537
363.0,362.0,0.0707,0.0707,0.07057834908400906,0.8535044713090191,24.810595528690634,25.6641,0.8200000000000001,1.016973479177609
364.0,363.0,0.0707,0.0707,0.07057987777007213,0.8536245935389408,24.881175406460706,25.7348,0.8200000000000001,1.0176731517477395
365.0,364.0,0.0707,0.0707,0.07058130140193342,0.8537432921370308,24.95175670786264,25.8055,0.8200000000000001,1.018371384166518
366.0,365.0,0.0707,0.0707,0.07058263827086009,0.8538606538661861,25.0223393461335,25.8762,0.8200000000000001,1.0190681833317083
367.0,366.0,0.0707,0.0707,0.07058390197638786,0.853976751889797,25.092923248109887,25.9469,0.8200000000000001,1.0197635560892988
368.0,367.0,0.0707,0.0707,0.07058510290125497,0.8540916489885146,25.163508351011142,26.017599999999998,0.8200000000000001,1.0204575092340322
369.0,368.0,0.0707,0.0707,0.07057496589805723,0.8542166830904373,25.2340833169092,26.0883,0.8200000000000001,1.021150049509927
370.0,369.0,0.0707,0.0707,0.07014526093379914,0.8547714221566579,25.304228577843,26.159,0.8200000000000001,1.0218411836107921
371.0,370.0,0.0707,0.0707,0.06954608700829823,0.8559253351483612,25.373774664851297,26.2297,0.8200000000000001,1.0225309181807354
372.0,371.0,0.0707,0.0707,0.06899675616287837,0.8576285789854743,25.442771421014175,26.3004,0.8300000000000001,1.0232192598146657
373.0,372.0,0.0707,0.0707,0.0684882755562839,0.859840303429199,25.51125969657046,26.3711,0.8300000000000001,1.0239062150587874
374.0,373.0,0.0707,0.0707,0.06801391305975102,0.8625263903694411,25.57927360963021,26.4418,0.8300000000000001,1.0245917904110917
375.0,374.0,0.0707,0.0707,0.06756850281484716,0.8656578875545833,25.646842112445057,26.5125,0.8300000000000001,1.0252759923218369
376.0,375.0,0.0707,0.0707,0.06714799650192305,0.8692098910526488,25.71399010894698,26.583199999999998,0.8300000000000001,1.025958827194027
377.0,376.0,0.0707,0.0707,0.0667491635036015,0.873160727549066,25.78073927245058,26.6539,0.8300000000000001,1.026640301383882
378.0,377.0,0.0707,0.0707,0.06995112034443807,0.8739096072046437,25.85069039279502,26.7246,0.8300000000000001,1.0273204212013034
379.0,378.0,0.0707,0.0707,0.07057809699247031,0.8740315102121757,25.92126848978749,26.7953,0.8300000000000001,1.0279991929103314
380.0,379.0,0.0707,0.0707,0.0705797447344132,0.8741517654777579,25.991848234521903,26.866,0.8300000000000001,1.028676622729601
381.0,380.0,0.0707,0.0707,0.07058125766731393,0.8742705078104344,26.062429492189217,26.9367,0.8300000000000001,1.029352716832787
382.0,381.0,0.0707,0.0707,0.07058266221001475,0.8743878456004183,26.133012154399232,27.0074,0.8300000000000001,1.0300274813490482
383.0,382.0,0.0707,0.0707,0.07058397781381842,0.8745038677866098,26.20359613221305,27.0781,0.8300000000000001,1.0307009223634622
384.0,383.0,0.0707,0.0707,0.07058521885627655,0.874618648930339,26.274181351069327,27.1488,0.8300000000000001,1.0313730459174577
385.0,384.0,0.0707,0.0707,0.07058639625302376,0.8747322526773269,26.34476774732235,27.2195,0.8300000000000001,1.0320438580092406
386.0,385.0,0.0707,0.0707,0.07058751848653344,0.8748447341907722,26.415355265808884,27.2902,0.8300000000000001,1.0327133645942133
387.0,386.0,0.0707,0.0707,0.07052720333670948,0.8750175308540631,26.485882469145594,27.3609,0.8300000000000001,1.033381571585391
388.0,387.0,0.0707,0.0707,0.07001475810015023,0.8757027727538984,26.555897227245744,27.4316,0.8300000000000001,1.0340484848538123
389.0,388.0,0.0707,0.0707,0.06945349048803706,0.8769492822658587,26.62535071773378,27.502299999999998,0.8300000000000001,1.034714110228944
390.0,389.0,0.0707,0.0707,0.06893603819571936,0.8787132440701116,26.6942867559295,27.573,0.84,1.0353784534990813
391.0,390.0,0.0707,0.0707,0.06845491252735414,0.8809583315427164,26.762741668456854,27.6437,0.84,1.036041520411744
392.0,391.0,0.0707,0.0707,0.06800441833950188,0.883653913203233,26.830746086796356,27.7144,0.84,1.0367033166740662
393.0,392.0,0.0707,0.0707,0.06758012710320926,0.886773786099926,26.898326213899566,27.7851,0.84,1.0373638479531837
394.0,393.0,0.0707,0.0707,0.0671785288347877,0.8902952572651504,26.965504742734353,27.8558,0.84,1.0380231198766143
395.0,394.0,0.0707,0.0707,0.06679679510449432,0.8941984621606236,27.032301537838848,27.9265,0.84,1.0386811380326335
396.0,395.0,0.0707,0.0707,0.07002517029791022,0.8948732918627099,27.102326708136758,27.9972,0.84,1.0393379079706495
397.0,396.0,0.0707,0.0707,0.07058007769111185,0.8949932141715934,27.17290678582787,28.067899999999998,0.84,1.0399934352015687
398.0,397.0,0.0707,0.0707,0.07058166188648585,0.8951115522851006,27.243488447714356,28.1386,0.84,1.0406477251981594
399.0,398.0,0.0707,0.0707,0.07058311761994673,0.8952284346651436,27.314071565334302,28.2093,0.84,1.041300783395411
400.0,399.0,0.0707,0.0707,0.07058446973222843,0.8953439649329282,27.38465603506653,28.28,0.84,1.0419526151908893
401.0,400.0,0.0707,0.0707,0.0705857366234035,0.8954582283094872,27.455241771689934,28.3507,0.84,1.0426032259450861
402.0,401.0,0.0707,0.0707,0.07058693196284338,0.895571296346625,27.525828703652778,28.4214,0.84,1.043252620981766
403.0,402.0,0.0707,0.0707,0.07058806616846525,0.8956832301782052,27.596416769821243,28.4921,0.84,1.043900805588309
404.0,403.0,0.0707,0.0707,0.07058914735954502,0.8957940828186571,27.667005917180788,28.5628,0.84,1.044547785016048
405.0,404.0,0.0707,0.0707,0.07058920985856432,0.8959048729601201,27.737595127039352,28.633499999999998,0.84,1.0451935644806036
406.0,405.0,0.0707,0.0707,0.07026120825966231,0.896343664700455,27.807856335299014,28.7042,0.84,1.0458381491622146
407.0,406.0,0.0707,0.0707,0.06970498495930855,0.8973386797411927,27.877561320258323,28.7749,0.84,1.046481544206064
408.0,407.0,0.0707,0.0707,0.06919254287923593,0.898846136861986,27.94675386313756,28.8456,0.84,1.0471237547226022
409.0,408.0,0.0707,0.0707,0.06871637312611512,0.9008297637358665,28.015470236263674,28.9163,0.85,1.0477647857878656
410.0,409.0,0.0707,0.0707,0.06827076666852605,0.9032589970673798,28.0837410029322,28.987,0.85,1.0484046424437918
411.0,410.0,0.0707,0.0707,0.06785128564563436,0.906107711421718,28.151592288577834,29.0577,0.85,1.0490433296985315
412.0,411.0,0.0707,0.0707,0.06745441403115393,0.9093532973905918,28.21904670260899,29.1284,0.85,1.0496808525267567
413.0,412.0,0.0707,0.0707,0.06707731973069286,0.9129759776598761,28.28612402233968,29.199099999999998,0.85,1.0503172158699638
414.0,413.0,0.0707,0.0707,0.06764451628737689,0.9160314613724476,28.353768538627058,29.2698,0.85,1.050952424636777
415.0,414.0,0.0707,0.0707,0.07058418645392095,0.916147274918531,28.42435272508098,29.3405,0.85,1.0515864837032427
416.0,415.0,0.0707,0.0707,0.0705825384545733,0.9162647364639557,28.494935263535552,29.4112,0.85,1.0522193979131265
417.0,416.0,0.0707,0.0707,0.0705840163839575,0.9163807200799509,28.56551927991951,29.4819,0.85,1.0528511720782021
418.0,417.0,0.0707,0.0707,0.07058538063276387,0.9164953394471526,28.636104660552274,29.552599999999998,0.85,1.0534818109785395
419.0,418.0,0.0707,0.0707,0.07058665254036,0.916608686906813,28.706691313092634,29.6233,0.85,1.0541113193627891
420.0,419.0,0.0707,0.0707,0.0705878477578743,0.9167208391489361,28.777279160850508,29.694,0.85,1.0547397019484623
421.0,420.0,0.0707,0.0707,0.07058897807761255,0.9168318610713053,28.84786813892812,29.7647,0.85,1.0553669634222096
422.0,421.0,0.0707,0.0707,0.07059005259380768,0.9169418084774654,28.91845819152193,29.8354,0.85,1.0559931084400953
423.0,422.0,0.0707,0.0707,0.07059107846531987,0.917050730012136,28.989049269987248,29.9061,0.85,1.0566181416278686
424.0,423.0,0.0707,0.0707,0.07059196486052244,0.9171587651516182,29.05964123484777,29.9768,0.85,1.0572420675812324
425.0,424.0,0.0707,0.0707,0.07029886143743269,0.9175599037141906,29.129940096285203,30.0475,0.85,1.0578648908661097
426.0,425.0,0.0707,0.0707,0.06976409363440084,0.9184958100797953,29.199704189919604,30.118199999999998,0.85,1.0584866160189044
427.0,426.0,0.0707,0.0707,0.0692701401206044,0.9199256699591968,29.26897433004021,30.1889,0.85,1.0591072475467618
428.0,427.0,0.0707,0.0707,0.06881019396272592,0.921815475996497,29.337784524002934,30.2596,0.86,1.0597267899278258
429.0,428.0,0.0707,0.0707,0.06837903775292631,0.9241364382435807,29.40616356175586,30.3303,0.86,1.0603452476114916
430.0,429.0,0.0707,0.0707,0.06797258800320094,0.9268638502404102,29.47413614975906,30.401,0.86,1.0609626250186588
431.0,430.0,0.0707,0.0707,0.06758759057726493,0.9299762596631366,29.541723740336327,30.4717,0.86,1.061578926541977
432.0,431.0,0.0707,0.0707,0.06722141119571745,0.9334548484674245,29.608945151532044,30.5424,0.86,1.0621941565460933
433.0,432.0,0.0707,0.0707,0.06688685611674927,0.9372679923506728,29.675832007648793,30.6131,0.86,1.0628083193678948
434.0,433.0,0.0707,0.0707,0.07035610088841793,0.9376118914622462,29.74618810853721,30.683799999999998,0.86,1.0634214193167482
435.0,434.0,0.0707,0.0707,0.07058389079757532,0.9377280006646646,29.816771999334787,30.7545,0.86,1.0640334606747384
436.0,435.0,0.0707,0.0707,0.07058535195902138,0.9378426487056591,29.887357351293808,30.8252,0.86,1.0646444476969021
437.0,436.0,0.0707,0.0707,0.07058669747482682,0.9379559512308197,29.957944048768635,30.8959,0.86,1.065254384611462
438.0,437.0,0.0707,0.0707,0.07058794903607435,0.938068002194795,30.02853199780471,30.9666,0.86,1.0658632756200552
439.0,438.0,0.0707,0.0707,0.070589122879813,0.9381788793149457,30.099121120684522,31.0373,0.86,1.0664711248979613
440.0,439.0,0.0707,0.0707,0.07059023120613972,0.9382886481087683,30.169711351890662,31.108,0.86,1.0670779365943268
441.0,440.0,0.0707,0.0707,0.07059128339655274,0.9383973647121711,30.240302635287215,31.1787,0.86,1.067683714832389
442.0,441.0,0.0707,0.0707,0.07059228681463381,0.9385050778975351,30.31089492210185,31.249399999999998,0.86,1.068288463709694
443.0,442.0,0.0707,0.0707,0.07059324734509076,0.9386118305524107,30.38148816944694,31.3201,0.86,1.068892187298317
444.0,443.0,0.0707,0.0707,0.07056776513717367,0.9387440654152734,30.452055934584113,31.3908,0.86,1.0694948896450756
445.0,444.0,0.0707,0.0707,0.07016018810524827,0.9392838773099949,30.52221612268936,31.4615,0.86,1.0700965747717435
446.0,445.0,0.0707,0.0707,0.06965924110072308,0.9403246362092617,30.591875363790084,31.5322,0.86,1.0706972466752622
447.0,446.0,0.0707,0.0707,0.06919413557461596,0.9418305006346749,30.6610694993647,31.602899999999998,0.86,1.0712969093279487
448.0,447.0,0.0707,0.0707,0.06875921523358386,0.9437712854010348,30.729828714598284,31.6736,0.87,1.0718955666777028
449.0,448.0,0.0707,0.0707,0.06835008063819359,0.9461212047628553,30.798178795236478,31.7443,0.87,1.0724932226482102
450.0,449.0,0.0707,0.0707,0.0679632450946066,0.9488579596682385,30.866142040331084,31.815,0.87,1.073089881139145
451.0,450.0,0.0707,0.0707,0.06759589983553838,0.9519620598326678,30.933737940166623,31.8857,0.87,1.0736855460263703
452.0,451.0,0.0707,0.0707,0.06724574959561735,0.9554163102370609,31.00098368976224,31.9564,0.87,1.0742802211621352
453.0,452.0,0.0707,0.0707,0.06698000100130486,0.9591363092357809,31.067963690763545,32.0271,0.87,1.0748739103752707
454.0,453.0,0.0707,0.0707,0.07045173625510515,0.9593845729807133,31.13841542701865,32.0978,0.87,1.0754666174713836
455.0,454.0,0.0707,0.0707,0.07058567982920749,0.9594988931515301,31.209001106847857,32.1685,0.87,1.0760583462330484
456.0,455.0,0.0707,0.0707,0.07058708541280367,0.9596118077386437,31.27958819226066,32.2392,0.87,1.0766491004199963
457.0,456.0,0.0707,0.0707,0.07058838098883768,0.9597234267498351,31.3501765732495,32.3099,0.87,1.0772388837693032
458.0,457.0,0.0707,0.0707,0.0705895868929538,0.9598338398569377,31.420766160142453,32.3806,0.87,1.0778276999955763
459.0,458.0,0.0707,0.0707,0.07059071841695186,0.959943121439963,31.491356878559404,32.451299999999996,0.87,1.0784155527911359
460.0,459.0,0.0707,0.0707,0.07059178711295644,0.9600513343270166,31.56194866567236,32.522,0.87,1.0790024458261998
461.0,460.0,0.0707,0.0707,0.07059280190312478,0.9601585324239239,31.632541467575486,32.5927,0.87,1.0795883827490609
462.0,461.0,0.0707,0.0707,0.07059376981439414,0.9602647626095229,31.70313523738988,32.6634,0.87,1.0801733671862679
463.0,462.0,0.0707,0.0707,0.07059469647819938,0.9603700661313134,31.77372993386808,32.7341,0.87,1.0807574027427993
464.0,463.0,0.0707,0.0707,0.07059558647795328,0.9604744796533339,31.844325520346032,32.8048,0.87,1.0813404930022397
465.0,464.0,0.0707,0.0707,0.07037862762432567,0.9607958520289896,31.914704147970358,32.8755,0.87,1.0819226415269518
466.0,465.0,0.0707,0.0707,0.06988504673643803,0.9616108052925252,31.984589194706796,32.9462,0.87,1.082503851858247
467.0,466.0,0.0707,0.0707,0.06942506461060205,0.9628857406818266,32.0540142593174,33.0169,0.87,1.0830841275165555
468.0,467.0,0.0707,0.0707,0.06899510680274545,0.9645906338791098,32.123009366120144,33.0876,0.88,1.0836634720015936
469.0,468.0,0.0707,0.0707,0.06859078949002395,0.9666998443890665,32.19160015561017,33.1583,0.88,1.0842418887925298
470.0,469.0,0.0707,0.0707,0.06820863778032304,0.9691912066087539,32.25980879339049,33.229,0.88,1.0848193813481477
471.0,470.0,0.0707,0.0707,0.06784585223422113,0.9720453543745671,32.32765464562471,33.2997,0.88,1.08539595310701
472.0,471.0,0.0707,0.0707,0.06750014524820358,0.9752452091263157,32.395154790872915,33.3704,0.88,1.0859716074876193
473.0,472.0,0.0707,0.0707,0.06716962379542224,0.9787755853308705,32.46232441466834,33.4411,0.88,1.0865463478885755
474.0,473.0,0.0707,0.0707,0.06812492855253538,0.9813506567782999,32.53044934322087,33.5118,0.88,1.0871201776887363
475.0,474.0,0.0707,0.0707,0.07058809367447338,0.9814625631038263,32.601037436895346,33.582499999999996,0.88,1.0876931002473706
476.0,475.0,0.0707,0.0707,0.07058783304022853,0.9815747300636344,32.671625269935575,33.6532,0.88,1.088265118904315
477.0,476.0,0.0707,0.0707,0.07058915143037581,0.9816855786332438,32.74221442136595,33.7239,0.88,1.0888362369801257
478.0,477.0,0.0707,0.0707,0.07059037143841351,0.9817952071948449,32.812804792804364,33.7946,0.88,1.0894064577762301
479.0,478.0,0.0707,0.0707,0.07059151071908332,0.9819036964757814,32.88339630352345,33.8653,0.88,1.0899757845750773
480.0,479.0,0.0707,0.0707,0.07059258247078759,0.9820111140050465,32.953988885994235,33.936,0.88,1.0905442206402853
481.0,480.0,0.0707,0.0707,0.07059359678629562,0.9821175172187059,33.02458248278053,34.0067,0.88,1.09111176921679
482.0,481.0,0.0707,0.0707,0.07059456154240706,0.9822229556763626,33.09517704432294,34.0774,0.88,1.0916784335309886
483.0,482.0,0.0707,0.0707,0.0705954829974047,0.9823274726790089,33.16577252732034,34.1481,0.88,1.0922442167908855
484.0,483.0,0.0707,0.0707,0.07059636620518717,0.9824311064738454,33.23636889352553,34.2188,0.88,1.0928091221862337
485.0,484.0,0.0707,0.0707,0.0705972153058454,0.982533891168017,33.306966108831375,34.2895,0.88,1.0933731528886768
486.0,485.0,0.0707,0.0707,0.0704312576883126,0.9828026334796728,33.37739736651969,34.3602,0.88,1.0939363120518883
487.0,486.0,0.0707,0.0707,0.0699610642964501,0.9835415691832387,33.44735843081614,34.4309,0.88,1.0944986028117114
488.0,487.0,0.0707,0.0707,0.06951573827736723,0.9847258309058715,33.516874169093505,34.501599999999996,0.88,1.0950600282862946
489.0,488.0,0.0707,0.0707,0.06909882654159105,0.9863270043642234,33.585972995635096,34.5723,0.89,1.0956205915762287
490.0,489.0,0.0707,0.0707,0.06870626898513876,0.98832073537911,33.654679264620235,34.643,0.89,1.0961802957646807
491.0,490.0,0.0707,0.0707,0.06833482995067897,0.9906859054284077,33.723014094570914,34.7137,0.89,1.096739143917528
492.0,491.0,0.0707,0.0707,0.06798189062515547,0.9934040148031967,33.79099598519607,34.7844,0.89,1.0972971390834887
493.0,492.0,0.0707,0.0707,0.06764530238837096,0.9964587124148162,33.85864128758444,34.8551,0.89,1.0978542842942538
494.0,493.0,0.0707,0.0707,0.06732328097496065,0.9998354314398274,33.9259645685594,34.9258,0.89,1.0984105825646162
495.0,494.0,0.0707,0.0707,0.06707247915288406,1.0034629522869722,33.993037047712285,34.9965,0.89,1.0989660368925986
496.0,495.0,0.0707,0.0707,0.07043112307940902,1.003731829207534,34.063468170791694,35.0672,0.89,1.0995206502595802
497.0,496.0,0.0707,0.0707,0.0705889384579379,1.0038428907496408,34.13405710924963,35.1379,0.89,1.1000744256304233
498.0,497.0,0.0707,0.0707,0.07059025238437044,1.003952638365212,34.204647361634,35.2086,0.89,1.1006273659535974
499.0,498.0,0.0707,0.0707,0.07059146405889294,1.004061174306351,34.275238825692895,35.2793,0.89,1.1011794741613024
500.0,499.0,0.0707,0.0707,0.07059259248941885,1.004168581816877,34.345831418182314,35.35,0.89,1.1017307531695903
501.0,500.0,0.0707,0.0707,0.07059365159847175,1.0042749302183558,34.416425069780786,35.4207,0.89,1.1022812058784883
502.0,501.0,0.0707,0.0707,0.0705946519963021,1.0043802782220712,34.48701972177709,35.4914,0.89,1.1028308351721157
503.0,502.0,0.0707,0.0707,0.07059560193500403,1.0044846762870228,34.55761532371209,35.5621,0.89,1.1033796439188044
504.0,503.0,0.0707,0.0707,0.07059650795005012,1.0045881683370068,34.62821183166214,35.632799999999996,0.89,1.1039276349712168
505.0,504.0,0.0707,0.0707,0.07059737530089194,1.0046907930360724,34.698809206963034,35.7035,0.89,1.1044748111664615
506.0,505.0,0.0707,0.0707,0.07059820828256846,1.0047925847534738,34.7694074152456,35.7742,0.89,1.1050211753262085
507.0,506.0,0.0707,0.0707,0.07059901023465898,1.0048935745187675,34.84000642548026,35.8449,0.89,1.1055667302568046
508.0,507.0,0.0707,0.0707,0.07036112541201334,1.0052324491067408,34.910367550892275,35.9156,0.89,1.1061114787493855
509.0,508.0,0.0707,0.0707,0.06990786732167464,1.0060245817850317,34.98027541821395,35.9863,0.89,1.1066554235799893
510.0,509.0,0.0707,0.0707,0.0694847846959874,1.0072397970890672,35.04976020290994,36.057,0.89,1.1071985675096652
511.0,510.0,0.0707,0.0707,0.06908743087198843,1.0088523662170514,35.118847633781925,36.1277,0.9,1.1077409132845877
512.0,511.0,0.0707,0.0707,0.06871228207689484,1.0108400841401912,35.18755991585882,36.1984,0.9,1.1082824636361615
513.0,512.0,0.0707,0.0707,0.06835650277456295,1.01318358136563,35.25591641863338,36.2691,0.9,1.1088232212811318
514.0,513.0,0.0707,0.0707,0.06801777855334734,1.0158658028123317,35.32393419718673,36.3398,0.9,1.1093631889216908
515.0,514.0,0.0707,0.0707,0.06769419642110108,1.0188716063913361,35.39162839360783,36.4105,0.9,1.1099023692455852
516.0,515.0,0.0707,0.0707,0.06738415734757552,1.0221874490437772,35.45901255095541,36.4812,0.9,1.1104407649262182
517.0,516.0,0.0707,0.0707,0.06708636996388151,1.0258010790798626,35.52609892091929,36.551899999999996,0.9,1.1109783786227572
518.0,517.0,0.0707,0.0707,0.0701964376625881,1.0263046414173096,35.59629535858188,36.6226,0.9,1.1115152129802337
519.0,518.0,0.0707,0.0707,0.07059037493111475,1.0264142664861622,35.66688573351299,36.6933,0.9,1.112051270629649
520.0,519.0,0.0707,0.0707,0.07059165922964183,1.0265226072565108,35.73747739274263,36.764,0.9,1.1125865541880722
521.0,520.0,0.0707,0.0707,0.07059283895011248,1.0266297683063847,35.808070231692746,36.8347,0.9,1.1131210662587425
522.0,521.0,0.0707,0.0707,0.07059393722774132,1.0267358310786503,35.87866416892049,36.9054,0.9,1.1136548094311691
523.0,522.0,0.0707,0.0707,0.07059496763473305,1.0268408634438217,35.94925913655522,36.9761,0.9,1.1141877862812277
524.0,523.0,0.0707,0.0707,0.07059594054402396,1.0269449228998684,36.019855077099244,37.0468,0.9,1.1147199993712598
525.0,524.0,0.0707,0.0707,0.07059686403977139,1.0270480588601199,36.090451941139015,37.1175,0.9,1.1152514512501697
526.0,525.0,0.0707,0.0707,0.07059774453528433,1.027150314324894,36.1610496856743,37.1882,0.9,1.115782144453519
527.0,526.0,0.0707,0.0707,0.07059858719721746,1.0272517271276047,36.23164827287152,37.2589,0.9,1.1163120815036227
528.0,527.0,0.0707,0.0707,0.07059939624829781,1.0273523308793036,36.302247669119815,37.3296,0.9,1.1168412649096435
529.0,528.0,0.0707,0.0707,0.07060017518272588,1.027452155696534,36.37284784430254,37.4003,0.9,1.1173696971676848
530.0,529.0,0.0707,0.0707,0.07055426465615255,1.0275978910403871,36.44340210895869,37.471,0.9,1.117897380760882
531.0,530.0,0.0707,0.0707,0.07017376301685374,1.028124128023465,36.51357587197555,37.5417,0.9,1.1184243181594975
532.0,531.0,0.0707,0.0707,0.0697516884917917,1.029072439531695,36.58332756046734,37.6124,0.9,1.1189505118210077
533.0,532.0,0.0707,0.0707,0.06935570959234383,1.0304167299392606,36.65268327005968,37.683099999999996,0.9,1.1194759641901952
534.0,533.0,0.0707,0.0707,0.0689822145155432,1.0321345154237185,36.721665484575226,37.7538,0.91,1.1200006776992384
535.0,534.0,0.0707,0.0707,0.06862830184962121,1.0342062135741021,36.79029378642485,37.8245,0.91,1.1205246547677983
536.0,535.0,0.0707,0.0707,0.06829160713762406,1.0366146064365016,36.85858539356247,37.8952,0.91,1.1210478978031078
537.0,536.0,0.0707,0.0707,0.06797017887237189,1.0393444275641555,36.92655557243484,37.9659,0.91,1.1215704092000573
538.0,537.0,0.0707,0.0707,0.067662388048781,1.042382039515425,36.994217960483624,38.0366,0.91,1.1220921913412816
539.0,538.0,0.0707,0.0707,0.06736686100998668,1.0457151785054761,37.06158482149361,38.1073,0.91,1.1226132465972454
540.0,539.0,0.0707,0.0707,0.0673807530615349,1.04903442544402,37.128965574555146,38.178,0.91,1.123133577326327
541.0,540.0,0.0707,0.0707,0.07055567169086174,1.0491787537532458,37.19952124624601,38.2487,0.91,1.1236531858749033
542.0,541.0,0.0707,0.0707,0.07059210756267476,1.0492866461905506,37.27011335380868,38.3194,0.91,1.124172074577432
543.0,542.0,0.0707,0.0707,0.07059332708634258,1.0493933191042772,37.340706680895025,38.3901,0.91,1.1246902457565346
544.0,543.0,0.0707,0.0707,0.07059445419476873,1.0494988649095331,37.41130113508979,38.4608,0.91,1.125207701723078
545.0,544.0,0.0707,0.0707,0.07059550540554227,1.049603359504033,37.481896640495336,38.5315,0.91,1.1257244447762549
546.0,545.0,0.0707,0.0707,0.0705964930349623,1.049706866469066,37.5524931335303,38.602199999999996,0.91,1.1262404772036652
547.0,546.0,0.0707,0.0707,0.07059742657226309,1.0498094398967666,37.62309056010256,38.6729,0.91,1.126755801281394
548.0,547.0,0.0707,0.0707,0.07059831346479228,1.0499111264319476,37.69368887356735,38.7436,0.91,1.1272704192740925
549.0,548.0,0.0707,0.0707,0.07059915965440666,1.0500119667775516,37.76428803322176,38.8143,0.91,1.1277843334350541
550.0,549.0,0.0707,0.0707,0.07059996995241846,1.0501119968251171,37.83488800317418,38.885,0.91,1.1282975460062934
551.0,550.0,0.0707,0.0707,0.07060074830742735,1.0502112485176878,37.905488751481606,38.9557,0.91,1.1288100592186228
552.0,551.0,0.0707,0.0707,0.07060149799923465,1.0503097505185677,37.97609024948084,39.0264,0.91,1.1293218752917273
553.0,552.0,0.0707,0.0707,0.07059748163296575,1.0504122688855935,38.046687731113806,39.0971,0.91,1.1298329964342426
554.0,553.0,0.0707,0.0707,0.07032111298518373,1.0507911559003356,38.11700884409899,39.1678,0.91,1.1303434248438275
555.0,554.0,0.0707,0.0707,0.06990715230750055,1.0515840035928574,38.18691599640649,39.2385,0.91,1.1308531627072402
556.0,555.0,0.0707,0.0707,0.06951862263008479,1.0527653809627886,38.256434619036575,39.3092,0.91,1.1313622122004097
557.0,556.0,0.0707,0.0707,0.06915203343990584,1.0543133475229527,38.32558665247648,39.3799,0.92,1.1318705754885112
558.0,557.0,0.0707,0.0707,0.06880457436793108,1.0562087731549215,38.39439122684441,39.4506,0.92,1.1323782547260361
559.0,558.0,0.0707,0.0707,0.06847395069735285,1.058434822457491,38.462865177541765,39.5213,0.92,1.132885252056866
560.0,559.0,0.0707,0.0707,0.06815826532269398,1.0609765571348126,38.53102344286446,39.592,0.92,1.1333915696143422
561.0,560.0,0.0707,0.0707,0.06785593237693632,1.063820624757916,38.598879375241395,39.6627,0.92,
562.0,561.0,0.0,0.0,0.06756561292106511,0.9962550118367951,38.66644498816246,39.6627,0.92,
563.0,562.0,0.0,0.0,0.06728616631007611,0.9289688455267027,38.73373115447254,39.6627,0.92,
564.0,563.0,0.0,0.0,0.06701661289134364,0.8619522326353478,38.80074776736388,39.6627,0.92,
565.0,564.0,0.0,0.0,0.06675610503087626,0.7951961276044655,38.86750387239476,39.6627,0.92,
566.0,565.0,0.0,0.0,0.06650390434234055,0.728692223262105,38.9340077767371,39.6627,0.91,
567.0,566.0,0.0,0.0,0.06461153154797472,0.6640806917141517,38.99861930828507,39.6627,0.91,
568.0,567.0,0.0,0.0,0.06149181503746348,0.6025888766767004,39.060111123322535,39.6627,0.91,
569.0,568.0,0.0,0.0,0.061212305762332164,0.5413765709143875,39.12132342908487,39.6627,0.9,
570.0,569.0,0.0,0.0,0.057937993366962814,0.48343857754742003,39.17926142245183,39.6627,0.89,
571.0,570.0,0.0,0.0,0.0558846543952356,0.4275539231521819,39.235146076847066,39.6627,0.87,
572.0,571.0,0.0,0.0,0.05351300132071657,0.37404092183146315,39.28865907816778,39.6627,0.86,
573.0,572.0,0.0,0.0,0.05106217336162899,0.322978748469838,39.33972125152941,39.6627,0.84,
574.0,573.0,0.0,0.0,0.048193778959607414,0.2747849695102397,39.38791503048902,39.6627,0.8200000000000001,
575.0,574.0,0.0,0.0,0.04565367223285932,0.22913129727739023,39.43356870272188,39.6627,0.79,
576.0,575.0,0.0,0.0,0.04269792533505523,0.18643337194234477,39.47626662805693,39.6627,0.75,
577.0,576.0,0.0,0.0,0.03960968040259161,0.14682369153974917,39.515876308459525,39.6627,0.71,
578.0,577.0,0.0,0.0,0.036419460720559016,0.11040423081919071,39.552295769180084,39.6627,0.64,
579.0,578.0,0.0,0.0,0.032855507802750594,0.07754872301643104,39.585151276982835,39.6627,0.53,
580.0,579.0,0.0,0.0,0.028898913958933292,0.04864980905750012,39.61405019094177,39.6627,0.0,
581.0,580.0,0.0,0.0,0.02428664836222083,0.024363160695300635,39.63833683930399,39.6627,0.0,
582.0,581.0,0.0,0.0,0.018446447985013492,0.005916712710281078,39.656783287289,39.6627,0.0,
583.0,582.0,0.0,0.0,0.0059167030801035025,9.630195942902795e-09,39.662699990369106,39.6627,0.0,
584.0,583.0,0.0,0.0,0.0,9.630195942902795e-09,39.662699990369106,39.6627,0.0,
585.0,584.0,0.0,0.0,0.0,9.630195942902795e-09,39.662699990369106,39.6627,0.0,
586.0,585.0,0.0,0.0,0.0,9.630195942902795e-09,39.662699990369106,39.6627,0.0,
587.0,586.0,0.0,0.0,0.0,9.630195942902795e-09,39.662699990369106,39.6627,0.0,
588.0,587.0,0.0,0.0,0.0,9.630195942902795e-09,39.662699990369106,39.6627,0.0,
589.0,588.0,0.0,0.0,0.0,9.630195942902795e-09,39.662699990369106,39.6627,0.0,
590.0,589.0,0.0,0.0,0.0,9.630195942902795e-09,39.662699990369106,39.6627,0.0,
591.0,590.0,0.0,0.0,0.0,9.630195942902795e-09,39.662699990369106,39.6627,0.0,
592.0,591.0,0.0,0.0,0.0,9.630195942902795e-09,39.662699990369106,39.6627,0.0,
593.0,592.0,0.0,0.0,0.0,9.630195942902795e-09,39.662699990369106,39.6627,0.0,
594.0,593.0,0.0,0.0,0.0,9.630195942902795e-09,39.662699990369106,39.6627,0.0,
595.0,594.0,0.0,0.0,0.0,9.630195942902795e-09,39.662699990369106,39.6627,0.0,
596.0,595.0,0.0,0.0,0.0,9.630195942902795e-09,39.662699990369106,39.6627,0.0,
597.0,596.0,0.0,0.0,0.0,9.630195942902795e-09,39.662699990369106,39.6627,0.0,
598.0,597.0,0.0,0.0,0.0,9.630195942902795e-09,39.662699990369106,39.6627,0.0,
599.0,598.0,0.0,0.0,0.0,9.630195942902795e-09,39.662699990369106,39.6627,0.0,
600.0,599.0,0.0,0.0,0.0,9.630195942902795e-09,39.662699990369106,39.6627,0.0,
601.0,600.0,0.0,0.0,0.0,9.630195942902795e-09,39.662699990369106,39.6627,0.0,
602.0,601.0,0.0,0.0,0.0,9.630195942902795e-09,39.662699990369106,39.6627,0.0,
603.0,602.0,0.0,0.0,0.0,9.630195942902795e-09,39.662699990369106,39.6627,0.0,
604.0,603.0,0.0,0.0,0.0,9.630195942902795e-09,39.662699990369106,39.6627,0.0,
605.0,604.0,0.0,0.0,0.0,9.630195942902795e-09,39.662699990369106,39.6627,0.0,
606.0,605.0,0.0,0.0,0.0,9.630195942902795e-09,39.662699990369106,39.6627,0.0,
607.0,606.0,0.0,0.0,0.0,9.630195942902795e-09,39.662699990369106,39.6627,0.0,
608.0,607.0,0.0,0.0,0.0,9.630195942902795e-09,39.662699990369106,39.6627,0.0,
609.0,608.0,0.0,0.0,0.0,9.630195942902795e-09,39.662699990369106,39.6627,0.0,
610.0,609.0,0.0,0.0,0.0,9.630195942902795e-09,39.662699990369106,39.6627,0.0,
611.0,610.0,0.0,0.0,0.0,9.630195942902795e-09,39.662699990369106,39.6627,0.0,
612.0,611.0,0.0,0.0,0.0,9.630195942902795e-09,39.662699990369106,39.6627,0.0,
613.0,612.0,0.0,0.0,0.0,9.630195942902795e-09,39.662699990369106,39.6627,0.0,
614.0,613.0,0.0,0.0,0.0,9.630195942902795e-09,39.662699990369106,39.6627,0.0,
615.0,614.0,0.0,0.0,0.0,9.630195942902795e-09,39.662699990369106,39.6627,0.0,
616.0,615.0,0.0,0.0,0.0,9.630195942902795e-09,39.662699990369106,39.6627,0.0,
617.0,616.0,0.0,0.0,0.0,9.630195942902795e-09,39.662699990369106,39.6627,0.0,
618.0,617.0,0.0,0.0,0.0,9.630195942902795e-09,39.662699990369106,39.6627,0.0,
619.0,618.0,0.0,0.0,0.0,9.630195942902795e-09,39.662699990369106,39.6627,0.0,
620.0,619.0,0.0,0.0,0.0,9.630195942902795e-09,39.662699990369106,39.6627,0.0,
621.0,620.0,0.0,0.0,0.0,9.630195942902795e-09,39.662699990369106,39.6627,0.0,
622.0,621.0,0.0,0.0,0.0,9.630195942902795e-09,39.662699990369106,39.6627,0.0,
623.0,622.0,0.0,0.0,0.0,9.630195942902795e-09,39.662699990369106,39.6627,0.0,
624.0,623.0,0.0,0.0,0.0,9.630195942902795e-09,39.662699990369106,39.6627,0.0,
625.0,624.0,0.0,0.0,0.0,9.630195942902795e-09,39.662699990369106,39.6627,0.0,
626.0,625.0,0.0,0.0,0.0,9.630195942902795e-09,39.662699990369106,39.6627,0.0,
627.0,626.0,0.0,0.0,0.0,9.630195942902795e-09,39.662699990369106,39.6627,0.0,
628.0,627.0,0.0,0.0,0.0,9.630195942902795e-09,39.662699990369106,39.6627,0.0,
629.0,628.0,0.0,0.0,0.0,9.630195942902795e-09,39.662699990369106,39.6627,0.0,
630.0,629.0,0.0,0.0,0.0,9.630195942902795e-09,39.662699990369106,39.6627,0.0,
631.0,630.0,0.0,0.0,0.0,9.630195942902795e-09,39.662699990369106,39.6627,0.0,
632.0,631.0,0.0,0.0,0.0,9.630195942902795e-09,39.662699990369106,39.6627,0.0,
633.0,632.0,0.0,0.0,0.0,9.630195942902795e-09,39.662699990369106,39.6627,0.0,
634.0,633.0,0.0,0.0,0.0,9.630195942902795e-09,39.662699990369106,39.6627,0.0,
635.0,634.0,0.0,0.0,0.0,9.630195942902795e-09,39.662699990369106,39.6627,0.0,
636.0,635.0,0.0,0.0,0.0,9.630195942902795e-09,39.662699990369106,39.6627,0.0,
637.0,636.0,0.0,0.0,0.0,9.630195942902795e-09,39.662699990369106,39.6627,0.0,
638.0,637.0,0.0,0.0,0.0,9.630195942902795e-09,39.662699990369106,39.6627,0.0,
639.0,638.0,0.0,0.0,0.0,9.630195942902795e-09,39.662699990369106,39.6627,0.0,
640.0,639.0,0.0,0.0,0.0,9.630195942902795e-09,39.662699990369106,39.6627,0.0,
641.0,640.0,0.0,0.0,0.0,9.630195942902795e-09,39.662699990369106,39.6627,0.0,
642.0,641.0,0.0,0.0,0.0,9.630195942902795e-09,39.662699990369106,39.6627,0.0,
643.0,642.0,0.0,0.0,0.0,9.630195942902795e-09,39.662699990369106,39.6627,0.0,
644.0,643.0,0.0,0.0,0.0,9.630195942902795e-09,39.662699990369106,39.6627,0.0,
645.0,644.0,0.0,0.0,0.0,9.630195942902795e-09,39.662699990369106,39.6627,0.0,
646.0,645.0,0.0,0.0,0.0,9.630195942902795e-09,39.662699990369106,39.6627,0.0,
647.0,646.0,0.0,0.0,0.0,9.630195942902795e-09,39.662699990369106,39.6627,0.0,
648.0,647.0,0.0,0.0,0.0,9.630195942902795e-09,39.662699990369106,39.6627,0.0,
649.0,648.0,0.0,0.0,0.0,9.630195942902795e-09,39.662699990369106,39.6627,0.0,
650.0,649.0,0.0,0.0,0.0,9.630195942902795e-09,39.662699990369106,39.6627,0.0,
651.0,650.0,0.0,0.0,0.0,9.630195942902795e-09,39.662699990369106,39.6627,0.0,
652.0,651.0,0.0,0.0,0.0,9.630195942902795e-09,39.662699990369106,39.6627,0.0,
653.0,652.0,0.0,0.0,0.0,9.630195942902795e-09,39.662699990369106,39.6627,0.0,
654.0,653.0,0.0,0.0,0.0,9.630195942902795e-09,39.662699990369106,39.6627,0.0,
655.0,654.0,0.0,0.0,0.0,9.630195942902795e-09,39.662699990369106,39.6627,0.0,
656.0,655.0,0.0,0.0,0.0,9.630195942902795e-09,39.662699990369106,39.6627,0.0,
657.0,656.0,0.0,0.0,0.0,9.630195942902795e-09,39.662699990369106,39.6627,0.0,
658.0,657.0,0.0,0.0,0.0,9.630195942902795e-09,39.662699990369106,39.6627,0.0,
659.0,658.0,0.0,0.0,0.0,9.630195942902795e-09,39.662699990369106,39.6627,0.0,
660.0,659.0,0.0,0.0,0.0,9.630195942902795e-09,39.662699990369106,39.6627,0.0,
661.0,660.0,0.0,0.0,0.0,9.630195942902795e-09,39.662699990369106,39.6627,0.0,
662.0,661.0,0.0,0.0,0.0,9.630195942902795e-09,39.662699990369106,39.6627,0.0,
663.0,662.0,0.0,0.0,0.0,9.630195942902795e-09,39.662699990369106,39.6627,0.0,
664.0,663.0,0.0,0.0,0.0,9.630195942902795e-09,39.662699990369106,39.6627,0.0,
665.0,664.0,0.0,0.0,0.0,9.630195942902795e-09,39.662699990369106,39.6627,0.0,
666.0,665.0,0.0,0.0,0.0,9.630195942902795e-09,39.662699990369106,39.6627,0.0,
667.0,666.0,0.0,0.0,0.0,9.630195942902795e-09,39.662699990369106,39.6627,0.0,
668.0,667.0,0.0,0.0,0.0,9.630195942902795e-09,39.662699990369106,39.6627,0.0,
669.0,668.0,0.0,0.0,0.0,9.630195942902795e-09,39.662699990369106,39.6627,0.0,
670.0,669.0,0.0,0.0,0.0,9.630195942902795e-09,39.662699990369106,39.6627,0.0,
671.0,670.0,0.0,0.0,0.0,9.630195942902795e-09,39.662699990369106,39.6627,0.0,
672.0,671.0,0.0,0.0,0.0,9.630195942902795e-09,39.662699990369106,39.6627,0.0,
673.0,672.0,0.0,0.0,0.0,9.630195942902795e-09,39.662699990369106,39.6627,0.0,
674.0,673.0,0.0,0.0,0.0,9.630195942902795e-09,39.662699990369106,39.6627,0.0,
675.0,674.0,0.0,0.0,0.0,9.630195942902795e-09,39.662699990369106,39.6627,0.0,
676.0,675.0,0.0,0.0,0.0,9.630195942902795e-09,39.662699990369106,39.6627,0.0,
677.0,676.0,0.0,0.0,0.0,9.630195942902795e-09,39.662699990369106,39.6627,0.0,
678.0,677.0,0.0,0.0,0.0,9.630195942902795e-09,39.662699990369106,39.6627,0.0,
679.0,678.0,0.0,0.0,0.0,9.630195942902795e-09,39.662699990369106,39.6627,0.0,
680.0,679.0,0.0,0.0,0.0,9.630195942902795e-09,39.662699990369106,39.6627,0.0,
681.0,680.0,0.0,0.0,0.0,9.630195942902795e-09,39.662699990369106,39.6627,0.0,
682.0,681.0,0.0,0.0,0.0,9.630195942902795e-09,39.662699990369106,39.6627,0.0,
683.0,682.0,0.0,0.0,0.0,9.630195942902795e-09,39.662699990369106,39.6627,0.0,
684.0,683.0,0.0,0.0,0.0,9.630195942902795e-09,39.662699990369106,39.6627,0.0,
685.0,684.0,0.0,0.0,0.0,9.630195942902795e-09,39.662699990369106,39.6627,0.0,
686.0,685.0,0.0,0.0,0.0,9.630195942902795e-09,39.662699990369106,39.6627,0.0,
687.0,686.0,0.0,0.0,0.0,9.630195942902795e-09,39.662699990369106,39.6627,0.0,
688.0,687.0,0.0,0.0,0.0,9.630195942902795e-09,39.662699990369106,39.6627,0.0,
689.0,688.0,0.0,0.0,0.0,9.630195942902795e-09,39.662699990369106,39.6627,0.0,
690.0,689.0,0.0,0.0,0.0,9.630195942902795e-09,39.662699990369106,39.6627,0.0,
691.0,690.0,0.0,0.0,0.0,9.630195942902795e-09,39.662699990369106,39.6627,0.0,
692.0,691.0,0.0,0.0,0.0,9.630195942902795e-09,39.662699990369106,39.6627,0.0,
693.0,692.0,0.0,0.0,0.0,9.630195942902795e-09,39.662699990369106,39.6627,0.0,
694.0,693.0,0.0,0.0,0.0,9.630195942902795e-09,39.662699990369106,39.6627,0.0,
695.0,694.0,0.0,0.0,0.0,9.630195942902795e-09,39.662699990369106,39.6627,0.0,
696.0,695.0,0.0,0.0,0.0,9.630195942902795e-09,39.662699990369106,39.6627,0.0,
697.0,696.0,0.0,0.0,0.0,9.630195942902795e-09,39.662699990369106,39.6627,0.0,
698.0,697.0,0.0,0.0,0.0,9.630195942902795e-09,39.662699990369106,39.6627,0.0,
699.0,698.0,0.0,0.0,0.0,9.630195942902795e-09,39.662699990369106,39.6627,0.0,
700.0,699.0,0.0,0.0,0.0,9.630195942902795e-09,39.662699990369106,39.6627,0.0,
701.0,700.0,0.0,0.0,0.0,9.630195942902795e-09,39.662699990369106,39.6627,0.0,
702.0,701.0,0.0,0.0,0.0,9.630195942902795e-09,39.662699990369106,39.6627,0.0,
703.0,702.0,0.0,0.0,0.0,9.630195942902795e-09,39.662699990369106,39.6627,0.0,
704.0,703.0,0.0,0.0,0.0,9.630195942902795e-09,39.662699990369106,39.6627,0.0,
705.0,704.0,0.0,0.0,0.0,9.630195942902795e-09,39.662699990369106,39.6627,0.0,
706.0,705.0,0.0,0.0,0.0,9.630195942902795e-09,39.662699990369106,39.6627,0.0,
707.0,706.0,0.0,0.0,0.0,9.630195942902795e-09,39.662699990369106,39.6627,0.0,
708.0,707.0,0.0,0.0,0.0,9.630195942902795e-09,39.662699990369106,39.6627,0.0,
709.0,708.0,0.0,0.0,0.0,9.630195942902795e-09,39.662699990369106,39.6627,0.0,
710.0,709.0,0.0,0.0,0.0,9.630195942902795e-09,39.662699990369106,39.6627,0.0,
711.0,710.0,0.0,0.0,0.0,9.630195942902795e-09,39.662699990369106,39.6627,0.0,
712.0,711.0,0.0,0.0,0.0,9.630195942902795e-09,39.662699990369106,39.6627,0.0,
713.0,712.0,0.0,0.0,0.0,9.630195942902795e-09,39.662699990369106,39.6627,0.0,
714.0,713.0,0.0,0.0,0.0,9.630195942902795e-09,39.662699990369106,39.6627,0.0,
715.0,714.0,0.0,0.0,0.0,9.630195942902795e-09,39.662699990369106,39.6627,0.0,
716.0,715.0,0.0,0.0,0.0,9.630195942902795e-09,39.662699990369106,39.6627,0.0,
717.0,716.0,0.0,0.0,0.0,9.630195942902795e-09,39.662699990369106,39.6627,0.0,
718.0,717.0,0.0,0.0,0.0,9.630195942902795e-09,39.662699990369106,39.6627,0.0,
719.0,718.0,0.0,0.0,0.0,9.630195942902795e-09,39.662699990369106,39.6627,0.0,
720.0,719.0,0.0,0.0,0.0,9.630195942902795e-09,39.662699990369106,39.6627,0.0,
721.0,720.0,0.0,0.0,0.0,9.630195942902795e-09,39.662699990369106,39.6627,0.0,
722.0,721.0,0.0,0.0,0.0,9.630195942902795e-09,39.662699990369106,39.6627,0.0,
723.0,722.0,0.0,0.0,0.0,9.630195942902795e-09,39.662699990369106,39.6627,0.0,
724.0,723.0,0.0,0.0,0.0,9.630195942902795e-09,39.662699990369106,39.6627,0.0,
725.0,724.0,0.0,0.0,0.0,9.630195942902795e-09,39.662699990369106,39.6627,0.0,
726.0,725.0,0.0,0.0,0.0,9.630195942902795e-09,39.662699990369106,39.6627,0.0,
727.0,726.0,0.0,0.0,0.0,9.630195942902795e-09,39.662699990369106,39.6627,0.0,
728.0,727.0,0.0,0.0,0.0,9.630195942902795e-09,39.662699990369106,39.6627,0.0,
729.0,728.0,0.0,0.0,0.0,9.630195942902795e-09,39.662699990369106,39.6627,0.0,
730.0,729.0,0.0,0.0,0.0,9.630195942902795e-09,39.662699990369106,39.6627,0.0,
731.0,730.0,0.0,0.0,0.0,9.630195942902795e-09,39.662699990369106,39.6627,0.0,
732.0,731.0,0.0,0.0,0.0,9.630195942902795e-09,39.662699990369106,39.6627,0.0,
733.0,732.0,0.0,0.0,0.0,9.630195942902795e-09,39.662699990369106,39.6627,0.0,
734.0,733.0,0.0,0.0,0.0,9.630195942902795e-09,39.662699990369106,39.6627,0.0,
735.0,734.0,0.0,0.0,0.0,9.630195942902795e-09,39.662699990369106,39.6627,0.0,
736.0,735.0,0.0,0.0,0.0,9.630195942902795e-09,39.662699990369106,39.6627,0.0,
737.0,736.0,0.0,0.0,0.0,9.630195942902795e-09,39.662699990369106,39.6627,0.0,
738.0,737.0,0.0,0.0,0.0,9.630195942902795e-09,39.662699990369106,39.6627,0.0,
739.0,738.0,0.0,0.0,0.0,9.630195942902795e-09,39.662699990369106,39.6627,0.0,
740.0,739.0,0.0,0.0,0.0,9.630195942902795e-09,39.662699990369106,39.6627,0.0,
741.0,740.0,0.0,0.0,0.0,9.630195942902795e-09,39.662699990369106,39.6627,0.0,
