case,rate_kg_s,shutoff_s,total_inflow_kg,inventory_at_stop_kg,inventory_fraction_at_stop,post_stop_evaporation_kg,remaining_at_end_kg,t90_after_stop_s,t99_after_stop_s,reported_dryout_after_stop_s,inventory_exhaustion_after_stop_s,end_of_release_radius_m,max_unledgered_residual_kg,numerical_adjustment_kg,escaped_mass_kg,solver_wall_time_s
scenario_q0.03535_stop60,0.03535,60,2.121,0.16652089768685752,0.07851055996551509,0.1665208976868573,0.0,5.797540414381639,6.998452308084387,7.0,8.0,0.36,3.58046925441613e-15,0.0,0.0,3.4972803000127897
scenario_q0.03535_stop180,0.03535,180,6.3629999999999995,0.2927984880048913,0.04601579255145235,0.29279848800489283,0.0,9.799138227620602,11.881094086636857,11.0,13.0,0.49,4.600833602985688e-14,0.0,0.0,7.199237100081518
scenario_q0.03535_stop561,0.03535,561,19.83135,0.5268836608617135,0.026568219554478814,0.5268836608616922,0.0,17.037199314085953,20.659297583569245,19.0,22.0,0.65,3.7903014060702844e-13,0.0,0.0,15.582935499958694
scenario_q0.07070_stop60,0.0707,60,4.242,0.3403542685197503,0.0802343867326144,0.3403542685197518,0.0,5.820941809273605,7.155438010243808,7.0,8.0,0.51,4.218847493575595e-14,0.0,0.0,2.4013817999511957
scenario_q0.07070_stop180,0.0707,180,12.725999999999999,0.5921089513778994,0.04652749892958506,0.5921089513778597,0.0,9.84677086705441,11.928069062796727,11.0,13.0,0.68,1.035838081975271e-13,0.0,0.0,5.231474899919704
scenario_q0.07070_stop561,0.0707,561,39.6627,1.063820624757916,0.0268216895157898,1.0638206151277103,9.630195942902795e-09,17.12241991107193,20.74404321411332,19.0,,0.92,6.681322162194192e-13,0.0,0.0,22.861726899980567
scenario_q0.14140_stop60,0.1414,60,8.484,0.6935601808932033,0.08174919623918002,0.6935601808931819,0.0,5.861063887535331,7.304739309727443,7.0,8.0,0.72,5.152128723651117e-14,0.0,0.0,4.820152299944311
scenario_q0.14140_stop180,0.1414,180,25.451999999999998,1.2039634882726153,0.04730329594030392,1.203963488272624,0.0,9.910196791025378,11.986086444943266,11.0,13.0,0.96,3.902989043069738e-13,0.0,0.0,8.175005399971269
scenario_q0.14140_stop561,0.1414,561,79.3254,2.1534851321498127,0.02714748532184915,2.1534851321496546,0.0,17.25333641496717,20.8522319482295,19.0,22.0,1.29,1.7674750552032492e-12,0.0,0.0,18.764783999999054
